,standard,Roll
A-FOT,,
A-Tune,,
A-Tune-Collector,,
BareBonesBrowserLaunch,,
CUnit,,
Cython,,
GConf2,,
GeoIP,,
GeoIP-GeoLite-data,,
GraphicsMagick,,
HdrHistogram,,
HikariCP,,
ImageMagick,,
Imath,,
Judy,,
LibRaw,,
ModemManager,,
NetworkManager,,
NetworkManager-libreswan,,
ORBit2,,
OpenEXR,,
OpenIPMI,,
PEGTL,,
PackageKit,,
PyPAM,,
PyQt4,,
PyYAML,,
SDL,,
SDL2,,
SDL_sound,,
SuperLU,,
TeXamator,,
Xaw3d,,
XmlSchema,,
aalib,,
aalto-xml,,
abattis-cantarell-fonts,,
abi-dumper,,
abrt,,
abseil-cpp,,
accountsservice,,
acl,,
acpica-tools,,
acpid,,
adcli,,
adobe-mappings-cmap,,
adobe-mappings-pdf,,
adwaita-icon-theme,,
adwaita-qt,,
aesh,,
afflib,,
aide,,
airline,,
alsa-firmware,,
alsa-lib,,
alsa-plugins,,
alsa-tools,,
alsa-utils,,
amanda,,
amtk,,
anaconda,,
anaconda-user-help,,
android-json-org-java,,
annobin,,
annotation-indexer,,
ansible,,
ant,,
ant-antunit,,
ant-contrib,,
anthy,,
antlr,,
antlr-maven-plugin,,
antlr3,,
antlr32,,
antlr4,,
aom,,
aopalliance,,
apache-commons-beanutils,,
apache-commons-chain,,
apache-commons-cli,,
apache-commons-codec,,
apache-commons-collections,,
apache-commons-collections4,,
apache-commons-compress,,
apache-commons-configuration,,
apache-commons-csv,,
apache-commons-daemon,,
apache-commons-dbcp,,
apache-commons-digester,,
apache-commons-discovery,,
apache-commons-el,,
apache-commons-exec,,
apache-commons-fileupload,,
apache-commons-io,,
apache-commons-javaflow,,
apache-commons-jci,,
apache-commons-jexl,,
apache-commons-jxpath,,
apache-commons-lang,,
apache-commons-lang3,,
apache-commons-logging,,
apache-commons-math,,
apache-commons-net,,
apache-commons-ognl,,
apache-commons-parent,,
apache-commons-pool,,
apache-commons-pool2,,
apache-commons-validator,,
apache-commons-vfs,,
apache-ivy,,
apache-logging-parent,,
apache-mime4j,,
apache-mina,,
apache-parent,,
apache-poi,,
apache-rat,,
apache-resource-bundles,,
apache-sshd,,
apache2-mod_xforward,,
apiguardian,,
apiviz,,
apr,,
apr-util,,
aqute-bnd,,
argon2,,
args4j,,
aries-blueprint-annotation-api,,
aries-blueprint-api,,
aries-blueprint-parser,,
aries-quiesce-api,,
armadillo,,
arpack-ng,,
arptables,,
arpwatch,,
arquillian-core,,
artemis,,
asciidoc,,
asio,,
aspectjweaver,,
aspell,,
assertj-core,,
assimp,,
at,,
at-spi2-atk,,
at-spi2-core,,
atf,,
atinject,,
atk,,
atkmm,,
atmel-firmware,,
attest-tools,,
attr,,
audiofile,,
audit,,
augeas,,
authd,,
authselect,,
authz,,
auto,,
autoconf,,
autoconf-archive,,
autoconf213,,
autofdo,,
autofs,,
autogen,,
automake,,
automoc,,
avahi,,
avalon-framework,,
avalon-logkit,,
aws-sdk-java,,
axiom,,
b43-openfwwf,,
b43-tools,,
babel,,
babeltrace,,
babl,,
bacula,,
bam,,
base64coder,,
basesystem,,
bash,,
bash-completion,,
batik,,
bazel,,
bc,,
bcache-tools,,
bcc,,
bcel,,
bcrypt,,
bea-stax,,
beakerlib,,
bean-validation-api,,
beust-jcommander,,
bind,,
bind-dyndb-ldap,,
binutils,,
bison,,
blivet-gui,,
blktrace,,
bluez,,
boilerpipe,,
bolt,,
boom-boot,,
boost,,
bouncycastle,,
bpg-fonts,,
brasero,,
breeze-icon-theme,,
bridge-method-injector,,
bridge-utils,,
brltty,,
brotli,,
bsf,,
bsh,,
btrfs-progs,,
bubblewrap,,
buildnumber-maven-plugin,,
bullet,,
busybox,,
bval,,
bwa,,
byacc,,
byaccj,,
byte-buddy,,
bytelist,,
byteman,,
bzip2,,
c-ares,,
c-blosc,,
c3p0,,
ca-certificates,,
cachefilesd,,
cairo,,
cairomm,,
cal10n,,
capstone,,
cassandra-java-driver,,
castor,,
castor-maven-plugin,,
catch1,,
cbi-plugins,,
ccache,,
ccid,,
cdi-api,,
cdparanoia,,
cdrdao,,
cdrkit,,
celt051,,
ceph,,
cereal,,
certmonger,,
cfitsio,,
cgdcbxd,,
cglib,,
check,,
checkpolicy,,
checkstyle,,
cheese,,
chkconfig,,
chromaprint,,
chrony,,
chrpath,,
cifs-utils,,
cim-schema,,
cjkuni-ukai-fonts,,
cjkuni-uming-fonts,,
cjose,,
cjson,,
ck,,
clamav,,
clang,,
classloader-leak-test-framework,,
classmate,,
cldr-emoji-annotation,,
clevis,,
cli-parser,,
clibcni,,
cloc,,
closure-compiler,,
cloud-init,,
cloud-utils,,
clucene,,
clutter,,
clutter-gst2,,
clutter-gst3,,
clutter-gtk,,
cmake,,
cmocka,,
cockpit,,
codegen,,
codehaus-parent,,
codemodel,,
codenarc,,
coffee-script,,
cogl,,
colm,,
colord,,
colord-gtk,,
compiler-rt,,
compress-lzf,,
comps-extras,,
conmon,,
conntrack-tools,,
console-setup,,
console_bridge,,
container-exception-logger,,
container-selinux,,
containernetworking-plugins,,
convmv,,
copy-jdk-configs,,
coredns,,
coreutils,,
coro-mock,,
courier-unicode,,
cpio,,
cpp-httplib,,
cppcheck,,
cpptasks,,
cppunit,,
cracklib,,
crash,,
crash-gcore-command,,
crash-trace-command,,
createrepo_c,,
cronie,,
crontabs,,
cryptacular,,
crypto-policies,,
cryptsetup,,
cscope,,
ctags,,
culmus-fonts,,
cups,,
cups-filters,,
cups-pk-helper,,
curl,,
curvesapi,,
custodia,,
custom_build_tool,,
cvs,,
cxf-build-utils,,
cxf-xjc-utils,,
cyrus-sasl,,
dain-snappy,,
datanucleus-api-jdo,,
datanucleus-core,,
datanucleus-maven-parent,,
datanucleus-rdbms,,
dav1d,,
dblatex,,
dbus,,
dbus-broker,,
dbus-cpp,,
dbus-glib,,
dbus-python,,
dbxtool,,
dconf,,
dcraw,,
debootstrap,,
debugedit,,
decentxml,,
dejagnu,,
dejavu-fonts,,
deltarpm,,
delve,,
derby,,
desktop-file-utils,,
devhelp,,
dhcp,,
dialog,,
dietlibc,,
diffstat,,
diffutils,,
digest-list-tools,,
ding-libs,,
discount,,
disruptor,,
djvulibre,,
dkms,,
dleyna-connector-dbus,,
dleyna-core,,
dleyna-server,,
dmraid,,
dnf,,
dnf-plugins-core,,
dnsjava,,
dnsmasq,,
dnssec-trigger,,
docbook-dtds,,
docbook-style-dsssl,,
docbook-style-xsl,,
docbook-utils,,
docbook2X,,
docbook5-style-xsl,,
docker-client-java,,
docker-compose,,
dogtail,,
dom4j,,
dos2unix,,
dosfstools,,
dotconf,,
double-conversion,,
dovecot,,
doxygen,,
dpkg,,
dracut,,
dropwatch,,
drpm,,
dtc,,
duktape,,
dump,,
dvdplusrw-tools,,
dwarves,,
dwz,,
e2fsprogs,,
easymock,,
ebtables,,
ecj,,
eclipse,,
eclipse-ecf,,
eclipse-emf,,
eclipse-jgit,,
eclipse-license,,
eclipse-m2e-workspace,,
eclipselink,,
eclipselink-persistence-api,,
ed,,
ed25519-java,,
edk2,,
efi-rpm-macros,,
efibootmgr,,
efivar,,
efl,,
egl-wayland,,
eglexternalplatform,,
ehcache-core,,
ehcache-parent,,
ehcache-sizeof-agent,,
eigen,,
elfutils,,
elinks,,
elixir,,
emacs,,
emacs-auctex,,
emma,,
enca,,
enchant,,
enchant2,,
enscript,,
entr,,
environment-modules,,
eog,,
epiphany,,
epstool,,
erlang,,
erlang-eflame,,
erlang-erlsyslog,,
erlang-erlydtl,,
erlang-getopt,,
erlang-gettext,,
erlang-hamcrest,,
erlang-lfe,,
erlang-meck,,
erlang-mustache,,
erlang-neotoma,,
erlang-proper,,
erlang-protobuffs,,
erlang-rebar,,
erlang-rpm-macros,,
erlang-sd_notify,,
esc,,
espeak-ng,,
etcd,,
ethtool,,
etmem,,
evince,,
evo-inflector,,
evolution-data-server,,
exec-maven-plugin,,
exempi,,
exiv2,,
expat,,
expect,,
extra-cmake-modules,,
extra166y,,
ezmorph,,
f2fs-tools,,
fabtests,,
fakechroot,,
fakeroot,,
farstream02,,
fasterxml-oss-parent,,
fastutil,,
fcgi,,
fcoe-utils,,
fdupes,,
felix-bundlerepository,,
felix-framework,,
felix-gogo-command,,
felix-gogo-parent,,
felix-gogo-runtime,,
felix-gogo-shell,,
felix-main,,
felix-osgi-compendium,,
felix-osgi-core,,
felix-osgi-foundation,,
felix-osgi-obr,,
felix-osgi-obr-resolver,,
felix-parent,,
felix-scr,,
felix-scr-annotations,,
felix-scr-generator,,
felix-shell,,
felix-utils,,
festival,,
festival-freebsoft-utils,,
fetchmail,,
ffmpeg,,
fftw,,
figlet,,
file,,
file-roller,,
filebench,,
filesystem,,
findbugs,,
findbugs-bcel,,
findutils,,
fio,,
fipscheck,,
firebird,,
firefox,,
firewalld,,
flac,,
flatpak,,
flex,,
flink,,
flite,,
fltk,,
fluidsynth,,
fmpp,,
fmt,,
folks,,
fontawesome-fonts,,
fontconfig,,
fontforge,,
fonts-rpm-macros,,
fonts-tweak-tool,,
foomatic,,
foomatic-db,,
fop,,
forbidden-apis,,
forge-parent,,
fpaste,,
fping,,
fprintd,,
freeglut,,
freeipmi,,
freemarker,,
freeradius,,
freerdp,,
freetds,,
freetype,,
freexl,,
frei0r-plugins,,
fribidi,,
fros,,
ftgl,,
ftp,,
fuse,,
fuse-python,,
fuse3,,
fusesource-pom,,
future,,
fwupd,,
fxload,,
galera,,
game-music-emu,,
ganglia,,
gavl,,
gawk,,
gazelle,,
gc,,
gcab,,
gcc,,
gcc-cross,,
gcc_secure,,
gcr,,
gd,,
gdb,,
gdbm,,
gdbus-codegen-glibmm,,
gdisk,,
gdk-pixbuf-xlib,,
gdk-pixbuf2,,
gdm,,
gegl04,,
genwqe-tools,,
geoclue2,,
geocode-glib,,
geolatte-geom,,
geos,,
geronimo-annotation,,
geronimo-commonj,,
geronimo-ejb,,
geronimo-interceptor,,
geronimo-jaspic-spec,,
geronimo-jaxrpc,,
geronimo-jcache,,
geronimo-jcdi-1.0-api,,
geronimo-jms,,
geronimo-jpa,,
geronimo-jta,,
geronimo-osgi-support,,
geronimo-parent-poms,,
geronimo-saaj,,
geronimo-validation,,
gettext,,
gfbgraph,,
gflags,,
gfs2-utils,,
ghostscript,,
gi-docgen,,
giflib,,
gimp,,
git,,
git-tools,,
gjs,,
gl-manpages,,
gl2ps,,
glade,,
glassfish-annotation-api,,
glassfish-dtd-parser,,
glassfish-ejb-api,,
glassfish-fastinfoset,,
glassfish-gmbal,,
glassfish-hk2,,
glassfish-jax-rs-api,,
glassfish-jaxb,,
glassfish-jaxb-api,,
glassfish-jaxrpc-api,,
glassfish-jsp,,
glassfish-jsp-api,,
glassfish-legal,,
glassfish-management-api,,
glassfish-master-pom,,
glassfish-pfl,,
glassfish-servlet-api,,
glassfish-toplink-essentials,,
glassfish-transaction-api,,
glassfish-websocket-api,,
glew,,
glib,,
glib-networking,,
glib2,,
glibc,,
glibmm24,,
glpk,,
glusterfs,,
gmavenplus-plugin,,
gmetric4j,,
gmetrics,,
gmime30,,
gmp,,
gnome-abrt,,
gnome-autoar,,
gnome-bluetooth,,
gnome-calculator,,
gnome-color-manager,,
gnome-common,,
gnome-control-center,,
gnome-desktop3,,
gnome-dictionary,,
gnome-doc-utils,,
gnome-font-viewer,,
gnome-getting-started-docs,,
gnome-icon-theme,,
gnome-keyring,,
gnome-menus,,
gnome-online-accounts,,
gnome-online-miners,,
gnome-packagekit,,
gnome-screenshot,,
gnome-session,,
gnome-settings-daemon,,
gnome-shell,,
gnome-themes-standard,,
gnome-user-docs,,
gnome-vfs2,,
gnome-video-effects,,
gnu-free-fonts,,
gnu-getopt,,
gnulib,,
gnupg2,,
gnuplot,,
gnutls,,
gobject-introspection,,
golang,,
gom,,
google-api-core,,
google-auth-httplib2,,
google-crosextra-carlito-fonts,,
google-droid-fonts,,
google-gson,,
google-guice,,
google-http-java-client,,
google-noto-cjk-fonts,,
google-noto-emoji-fonts,,
google-noto-fonts,,
google-oauth-java-client,,
google-roboto-slab-fonts,,
googleapis-common-protos,,
gpars,,
gperf,,
gperftools,,
gpgme,,
gphoto2,,
gpm,,
gradle,,
graphene,,
graphite2,,
graphviz,,
greatsql,,
grep,,
grilo,,
grilo-plugins,,
grizzly,,
grizzly-npn,,
groff,,
groovy,,
groovy18,,
grpc,,
grub2,,
grubby,,
gsbase,,
gsettings-desktop-schemas,,
gsl,,
gsm,,
gsound,,
gspell,,
gssdp,,
gssntlmssp,,
gssproxy,,
gstreamer1,,
gstreamer1-plugins-bad-free,,
gstreamer1-plugins-base,,
gstreamer1-plugins-good,,
gtest,,
gtk,,
gtk-doc,,
gtk-murrine-engine,,
gtk-vnc,,
gtk2,,
gtk3,,
gtk4,,
gtkmm24,,
gtkmm30,,
gtksourceview3,,
gtksourceview4,,
gtksourceview5,,
gtkspell3,,
gtkspellmm30,,
guava,,
guava20,,
gubbi-fonts,,
guile,,
gupnp,,
gupnp-av,,
gupnp-dlna,,
gupnp-igd,,
gutenprint,,
gv,,
gvfs,,
gyp,,
gzip,,
h2,,
hadoop,,
hadoop-3.1,,
hamcrest,,
haproxy,,
harfbuzz,,
haveged,,
hawtbuf,,
hawtdispatch,,
hawtjni,,
hdf5,,
hdparm,,
help2man,,
hessian,,
hexedit,,
hfsplus-tools,,
hibernate,,
hibernate-commons-annotations,,
hibernate-jpa-2.0-api,,
hibernate-jpa-2.1-api,,
hibernate-validator,,
hibernate3,,
hibernate4,,
hicolor-icon-theme,,
hiredis,,
hive,,
hivex,,
hostname,,
hping,,
hplip,,
hppc,,
hspell,,
hsqldb,,
hsqldb1,,
htop,,
htslib,,
http-builder,,
http-parser,,
http_load,,
httpcomponents-asyncclient,,
httpcomponents-client,,
httpcomponents-core,,
httpcomponents-project,,
httpd,,
httpunit,,
hunspell,,
hunspell-ak,,
hunspell-am,,
hunspell-ar,,
hunspell-as,,
hunspell-ast,,
hunspell-az,,
hunspell-be,,
hunspell-ber,,
hunspell-bg,,
hunspell-bn,,
hunspell-br,,
hunspell-ca,,
hunspell-cop,,
hunspell-csb,,
hunspell-cv,,
hunspell-cy,,
hunspell-da,,
hunspell-de,,
hunspell-dsb,,
hunspell-el,,
hunspell-en,,
hunspell-eo,,
hunspell-es,,
hunspell-et,,
hunspell-eu,,
hunspell-fa,,
hunspell-fj,,
hunspell-fo,,
hunspell-fr,,
hunspell-fur,,
hunspell-fy,,
hunspell-ga,,
hunspell-gd,,
hunspell-gl,,
hunspell-grc,,
hunspell-gu,,
hunspell-gv,,
hunspell-haw,,
hunspell-hil,,
hunspell-hr,,
hunspell-hsb,,
hunspell-ht,,
hunspell-hu,,
hunspell-hy,,
hunspell-ia,,
hunspell-id,,
hunspell-is,,
hunspell-it,,
hunspell-kk,,
hunspell-km,,
hunspell-kn,,
hunspell-ko,,
hunspell-ku,,
hunspell-ky,,
hunspell-la,,
hunspell-lb,,
hunspell-ln,,
hunspell-lt,,
hunspell-mai,,
hunspell-mg,,
hunspell-mi,,
hunspell-mk,,
hunspell-ml,,
hunspell-mn,,
hunspell-mos,,
hunspell-mr,,
hunspell-ms,,
hunspell-mt,,
hunspell-nds,,
hunspell-ne,,
hunspell-nl,,
hunspell-no,,
hunspell-nr,,
hunspell-nso,,
hunspell-ny,,
hunspell-oc,,
hunspell-om,,
hunspell-or,,
hunspell-pa,,
hunspell-pl,,
hunspell-pt,,
hunspell-qu,,
hunspell-ro,,
hunspell-ru,,
hunspell-rw,,
hunspell-sc,,
hunspell-se,,
hunspell-sk,,
hunspell-sl,,
hunspell-smj,,
hunspell-so,,
hunspell-sq,,
hunspell-sr,,
hunspell-ss,,
hunspell-st,,
hunspell-sv,,
hunspell-sw,,
hunspell-te,,
hunspell-tet,,
hunspell-th,,
hunspell-ti,,
hunspell-tl,,
hunspell-tn,,
hunspell-tpi,,
hunspell-ts,,
hunspell-uk,,
hunspell-ur,,
hunspell-uz,,
hunspell-ve,,
hunspell-vi,,
hunspell-wa,,
hunspell-xh,,
hunspell-yi,,
hunspell-zu,,
hwdata,,
hwinfo,,
hwloc,,
hyperscan,,
hyphen,,
hyphen-as,,
hyphen-bg,,
hyphen-bn,,
hyphen-ca,,
hyphen-cy,,
hyphen-da,,
hyphen-de,,
hyphen-el,,
hyphen-es,,
hyphen-eu,,
hyphen-fa,,
hyphen-fo,,
hyphen-fr,,
hyphen-ga,,
hyphen-gl,,
hyphen-gu,,
hyphen-hi,,
hyphen-hsb,,
hyphen-ia,,
hyphen-id,,
hyphen-is,,
hyphen-it,,
hyphen-kn,,
hyphen-ku,,
hyphen-lt,,
hyphen-ml,,
hyphen-mn,,
hyphen-mr,,
hyphen-nl,,
hyphen-or,,
hyphen-pa,,
hyphen-pl,,
hyphen-pt,,
hyphen-ro,,
hyphen-ru,,
hyphen-sa,,
hyphen-sk,,
hyphen-sl,,
hyphen-sv,,
hyphen-ta,,
hyphen-te,,
hyphen-tk,,
hyphen-uk,,
i2c-tools,,
i40e,,
iSulad,,
iSulad-img,,
iavf,,
ibus,,
ibus-hangul,,
ibus-libpinyin,,
ibus-libzhuyin,,
ibus-m17n,,
ibus-sayura,,
ibus-table,,
ibus-table-array30,,
ibus-table-chinese,,
ibus-typing-booster,,
icc-profiles-openicc,,
icedtea-web,,
icfg,,
icon-naming-utils,,
icoutils,,
icu,,
icu4j,,
idlj-maven-plugin,,
iftop,,
iio-sensor-proxy,,
ilmbase,,
ima-evm-utils,,
imake,,
indent,,
infinispan,,
inih,,
iniparser,,
initial-setup,,
initscripts,,
inst-source-utils,,
intltool,,
invokebinder,,
iotop,,
ipcalc,,
iperf3,,
ipmitool,,
iproute,,
iprutils,,
ipset,,
iptables,,
iptraf-ng,,
iptstate,,
iputils,,
ipvsadm,,
ipwatchd,,
ipxe,,
irclib,,
ironjacamar,,
irqbalance,,
irrlicht,,
irssi,,
isl,,
iso-codes,,
isomd5sum,,
isorelax,,
istack-commons,,
isula-transform,,
itstool,,
ivtv-firmware,,
iw,,
jFormatString,,
jack-audio-connection-kit,,
jackson,,
jackson-annotations,,
jackson-bom,,
jackson-core,,
jackson-databind,,
jackson-dataformat-xml,,
jackson-dataformats-binary,,
jackson-dataformats-text,,
jackson-datatype-joda,,
jackson-datatypes-collections,,
jackson-jaxrs-providers,,
jackson-modules-base,,
jackson-parent,,
jacoco,,
jacorb,,
jaf,,
jakarta-cdi,,
jakarta-commons-httpclient,,
jakarta-el,,
jakarta-interceptors,,
jakarta-mail,,
jakarta-oro,,
jakarta-server-pages,,
jakarta-servlet,,
jamonapi,,
jandex,,
jandex-maven-plugin,,
janino,,
jansi,,
jansi-native,,
jansson,,
jarjar,,
jasypt,,
jatl,,
java-atk-wrapper,,
java-base64,,
java-comment-preprocessor,,
java-libpst,,
java-oauth,,
java-service-wrapper,,
java-uuid-generator,,
java-xmlbuilder,,
java_cup,,
javacc,,
javacc-maven-plugin,,
javaewah,,
javamail,,
javapackages-tools,,
javaparser,,
javapoet,,
javassist,,
jaxb2-common-basics,,
jaxb2-maven-plugin,,
jaxen,,
jbig2dec,,
jbigkit,,
jboss-annotations-1.2-api,,
jboss-classfilewriter,,
jboss-connector-1.6-api,,
jboss-connector-1.7-api,,
jboss-dmr,,
jboss-ejb-3.1-api,,
jboss-ejb-3.2-api,,
jboss-el-2.2-api,,
jboss-el-3.0-api,,
jboss-integration,,
jboss-interceptors-1.1-api,,
jboss-interceptors-1.2-api,,
jboss-invocation,,
jboss-jacc-1.4-api,,
jboss-jacc-1.5-api,,
jboss-jaspi-1.0-api,,
jboss-jaspi-1.1-api,,
jboss-jaxrpc-1.1-api,,
jboss-jaxrs-2.0-api,,
jboss-jaxws-2.2-api,,
jboss-jms-1.1-api,,
jboss-jms-2.0-api,,
jboss-jsf-2.1-api,,
jboss-jsf-2.2-api,,
jboss-jsp-2.2-api,,
jboss-jsp-2.3-api,,
jboss-jstl-1.2-api,,
jboss-logging,,
jboss-logging-tools,,
jboss-logging-tools1,,
jboss-logmanager,,
jboss-marshalling,,
jboss-modules,,
jboss-msc,,
jboss-parent,,
jboss-remoting,,
jboss-remoting-jmx,,
jboss-rmi-1.0-api,,
jboss-sasl,,
jboss-servlet-2.5-api,,
jboss-servlet-3.0-api,,
jboss-servlet-3.1-api,,
jboss-specs-parent,,
jboss-stdio,,
jboss-threads,,
jboss-transaction-1.1-api,,
jboss-transaction-1.2-api,,
jboss-transaction-spi,,
jboss-vfs,,
jboss-websocket-1.0-api,,
jboss-websocket-1.1-api,,
jbossws-api,,
jbossws-parent,,
jcifs,,
jcip-annotations,,
jcodings,,
jcommon,,
jcsp,,
jctools,,
jdbi,,
jdeparser1,,
jdeparser2,,
jdepend,,
jdependency,,
jdiff,,
jdo-api,,
jdo2-api,,
jdom,,
jdom2,,
je,,
jedis,,
jemalloc,,
jeromq,,
jersey,,
jetbrains-annotations,,
jets3t,,
jettison,,
jetty,,
jetty-alpn-api,,
jetty-artifact-remote-resources,,
jetty-assembly-descriptors,,
jetty-build-support,,
jetty-distribution-remote-resources,,
jetty-parent,,
jetty-schemas,,
jetty-test-helper,,
jetty-test-policy,,
jetty-toolchain,,
jetty-version-maven-plugin,,
jexcelapi,,
jffi,,
jflex,,
jfreechart,,
jfsutils,,
jgit,,
jgroups,,
jhighlight,,
jibx,,
jimtcl,,
jitterentropy-library,,
jline,,
jline1,,
jmatio,,
jmh,,
jmock,,
jna,,
jnr-constants,,
jnr-enxio,,
jnr-ffi,,
jnr-netdb,,
jnr-posix,,
jnr-unixsocket,,
jnr-x86asm,,
joda-convert,,
joda-time,,
johnzon,,
jomolhari-fonts,,
joni,,
jopt-simple,,
jose,,
jq,,
jruby,,
js-excanvas,,
js-jquery,,
js-sizzle,,
jsch,,
jsch-agent-proxy,,
json-c,,
json-glib,,
json-lib,,
json-path,,
json-smart,,
json_simple,,
jsoncpp,,
jsonic,,
jsonp,,
jsoup,,
jspc,,
jsr-305,,
jsr-311,,
jss,,
jtidy,,
jtoaster,,
jts,,
jul-to-slf4j-stub,,
julietaula-montserrat-fonts,,
junit,,
junit-addons,,
junit5,,
junitperf,,
juniversalchardet,,
jupyter,,
jvnet-parent,,
jwnl,,
jython,,
jzlib,,
kabi-dw,,
kacst-fonts,,
kbd,,
kde-filesystem,,
kde-settings,,
kdump-anaconda-addon,,
keepalived,,
kexec-tools,,
keybinder3,,
keycloak-httpd-client-install,,
keyrings-filesystem,,
keyutils,,
kf5,,
khmeros-fonts,,
kim-api,,
kiwi,,
kmod,,
kmodtool,,
kohsuke-pom,,
kpatch,,
krb5,,
kronosnet,,
kryo,,
ksh,,
kubernetes,,
kurdit-unikurd-web-fonts,,
kxml,,
kyotocabinet,,
kyua,,
labltk,,
ladspa,,
lame,,
langtable,,
language-detector,,
lapack,,
lasso,,
latex2html,,
lato-fonts,,
lcms2,,
lcr,,
ldapjdk,,
ldaptive,,
ldns,,
lensfun,,
less,,
lettuce,,
leveldb,,
leveldb-java,,
leveldbjni,,
lftp,,
libEMF,,
libICE,,
libIDL,,
libSM,,
libX11,,
libXScrnSaver,,
libXau,,
libXaw,,
libXcomposite,,
libXcursor,,
libXdamage,,
libXdmcp,,
libXext,,
libXfixes,,
libXfont2,,
libXft,,
libXi,,
libXinerama,,
libXmu,,
libXp,,
libXpm,,
libXrandr,,
libXrender,,
libXres,,
libXt,,
libXtst,,
libXv,,
libXvMC,,
libXxf86dga,,
libXxf86vm,,
libabigail,,
libadwaita,,
libaec,,
libaesgm,,
libaio,,
libao,,
libappindicator,,
libappstream-glib,,
libarchive,,
libart_lgpl,,
libass,,
libassuan,,
libasyncns,,
libatasmart,,
libatomic_ops,,
libavc1394,,
libblockdev,,
libbluray,,
libbonobo,,
libbonoboui,,
libboundscheck,,
libbpf,,
libbs2b,,
libburn,,
libburn1,,
libbytesize,,
libcacard,,
libcanberra,,
libcap,,
libcap-ng,,
libcareplus,,
libcdio,,
libcdio-paranoia,,
libcgroup,,
libclc,,
libcomps,,
libconfig,,
libconfuse,,
libcue,,
libdaemon,,
libdap,,
libdatrie,,
libdazzle,,
libdb,,
libdbi,,
libdbusmenu,,
libdmapsharing,,
libdmx,,
libdnet,,
libdnf,,
libdrm,,
libdv,,
libdvdnav,,
libdvdread,,
libdwarf,,
libeasyfc,,
libecap,,
libedit,,
libell,,
libepoxy,,
liberation-fonts,,
libesmtp,,
libestr,,
libev,,
libevdev,,
libevent,,
libevhtp,,
libewf,,
libexif,,
libfabric,,
libfastjson,,
libffado,,
libffi,,
libfontenc,,
libfprint,,
libgcrypt,,
libgdata,,
libgdiplus,,
libgdither,,
libgdl,,
libgee,,
libgeotiff,,
libgexiv2,,
libgit2,,
libgit2-glib,,
libglade2,,
libglvnd,,
libgnome,,
libgnome-keyring,,
libgnomecanvas,,
libgnomekbd,,
libgnomeui,,
libgovirt,,
libgpg-error,,
libgphoto2,,
libgsf,,
libgta,,
libgtop2,,
libgudev,,
libguestfs,,
libgusb,,
libgweather,,
libgxim,,
libgxps,,
libhandy,,
libhangul,,
libhbaapi,,
libhbalinux,,
libhugetlbfs,,
libical,,
libid3tag,,
libidn,,
libidn2,,
libiec61883,,
libieee1284,,
libijs,,
libimagequant,,
libimobiledevice,,
libindicator,,
libinput,,
libiodbc,,
libiptcdata,,
libisal,,
libiscsi,,
libisoburn,,
libisofs,,
libjcat,,
libjpeg-turbo,,
libkcapi,,
libkeepalive,,
libksba,,
libldac,,
libldb,,
libldm,,
liblockfile,,
liblognorm,,
liblouis,,
libmad,,
libmatchbox,,
libmaxminddb,,
libmbim,,
libmediaart,,
libmemcached,,
libmetalink,,
libmicrohttpd,,
libmikmod,,
libmng,,
libmnl,,
libmodplug,,
libmodulemd,,
libmpc,,
libmpcdec,,
libmpeg2,,
libmspack,,
libmtp,,
libmusicbrainz5,,
libmypaint,,
libndp,,
libnet,,
libnetfilter_conntrack,,
libnetfilter_cthelper,,
libnetfilter_cttimeout,,
libnetfilter_queue,,
libnetwork,,
libnfnetlink,,
libnfs,,
libnftnl,,
libnice,,
libnl3,,
libnma,,
libnotify,,
libnsl2,,
liboauth,,
libogg,,
libomxil-bellagio,,
libopenraw,,
libosinfo,,
libotf,,
libpaper,,
libpcap,,
libpciaccess,,
libpeas,,
libpfm,,
libpinyin,,
libpipeline,,
libplist,,
libpng,,
libportal,,
libpq,,
libproxy,,
libpsl,,
libpwquality,,
libqb,,
libqmi,,
libquvi,,
libquvi-scripts,,
librabbitmq,,
libraqm,,
libraw1394,,
librdkafka,,
librelp,,
librepo,,
libreport,,
libreswan,,
librevenge,,
librsvg2,,
libsamplerate,,
libsass,,
libseccomp,,
libsecret,,
libselinux,,
libsemanage,,
libserf,,
libsexy,,
libshout,,
libsigcpp20,,
libsigsegv,,
libsmi,,
libsndfile,,
libsodium,,
libsolv,,
libsoup,,
libsoup3,,
libspatialite,,
libspectre,,
libspiro,,
libsrtp,,
libssh,,
libssh2,,
libstemmer,,
libstoragemgmt,,
libsvm,,
libtalloc,,
libtar,,
libtasn1,,
libtcnative,,
libtdb,,
libteam,,
libtevent,,
libthai,,
libtheora,,
libtiff,,
libtimezonemap,,
libtirpc,,
libtomcrypt,,
libtommath,,
libtool,,
libtpms,,
libtraceevent,,
libuninameslist,,
libunistring,,
libunwind,,
liburing,,
libusb,,
libusbmuxd,,
libusbx,,
libuser,,
libutempter,,
libuv,,
libva,,
libvdpau,,
libverto,,
libvirt,,
libvirt-glib,,
libvirt-python,,
libvisual,,
libvma,,
libvoikko,,
libvorbis,,
libvpx,,
libwacom,,
libwbxml,,
libwebp,,
libwebsockets,,
libwmf,,
libwnck,,
libwnck3,,
libwpd,,
libwpe,,
libwpg,,
libx86emu,,
libxcb,,
libxcrypt,,
libxcvt,,
libxkbcommon,,
libxkbfile,,
libxklavier,,
libxml2,,
libxmlb,,
libxmlpp,,
libxshmfence,,
libxslt,,
libyami,,
libyaml,,
libyubikey,,
libzapojit,,
libzip,,
lightcouch,,
lighttpd,,
linkchecker,,
linux-firmware,,
linuxconsoletools,,
linuxdoc-tools,,
linuxptp,,
lklug-fonts,,
lksctp-tools,,
lldb,,
lldpad,,
llvm,,
llvm-bolt,,
lm_sensors,,
lmbench,,
lmdb,,
lockdev,,
lodash,,
log4cplus,,
log4j,,
log4j-jboss-logmanager,,
log4j12,,
logback,,
logrotate,,
logwatch,,
lohit-assamese-fonts,,
lohit-bengali-fonts,,
lohit-devanagari-fonts,,
lohit-gujarati-fonts,,
lohit-gurmukhi-fonts,,
lohit-kannada-fonts,,
lohit-malayalam-fonts,,
lohit-marathi-fonts,,
lohit-nepali-fonts,,
lohit-odia-fonts,,
lohit-tamil-fonts,,
lohit-telugu-fonts,,
lorax,,
low-memory-monitor,,
lrzsz,,
lshw,,
lsof,,
lsscsi,,
ltrace,,
lttng-ust,,
lua,,
lua-expat,,
lua-filesystem,,
lua-json,,
lua-lpeg,,
lua-lunit,,
lua-posix,,
lua-socket,,
lua-term,,
luarocks,,
lucene,,
lucene3,,
lucene4,,
luksmeta,,
lunar-date,,
lutok,,
lvm2,,
lxc,,
lxcfs,,
lxcfs-tools,,
lxsession,,
lynx,,
lz4,,
lz4-java,,
lzip,,
lzma-java,,
lzo,,
lzop,,
m17n-db,,
m17n-lib,,
m2crypto,,
m4,,
mac-robber,,
madan-fonts,,
mailcap,,
maildrop,,
mailman,,
mailx,,
make,,
mallard-rng,,
man-db,,
man-pages,,
mariadb,,
mariadb-connector-c,,
mariadb-connector-odbc,,
marisa,,
maven,,
maven-antrun-plugin,,
maven-archiver,,
maven-artifact-resolver,,
maven-artifact-transfer,,
maven-assembly-plugin,,
maven-checkstyle-plugin,,
maven-clean-plugin,,
maven-common-artifact-filters,,
maven-compiler-plugin,,
maven-dependency-analyzer,,
maven-dependency-plugin,,
maven-dependency-tree,,
maven-doxia,,
maven-doxia-sitetools,,
maven-eclipse-plugin,,
maven-enforcer,,
maven-file-management,,
maven-filtering,,
maven-gpg-plugin,,
maven-idea-plugin,,
maven-injection-plugin,,
maven-install-plugin,,
maven-invoker,,
maven-invoker-plugin,,
maven-jar-plugin,,
maven-jarsigner-plugin,,
maven-javadoc-plugin,,
maven-jaxb2-plugin,,
maven-mapping,,
maven-native,,
maven-osgi,,
maven-parent,,
maven-plugin-build-helper,,
maven-plugin-bundle,,
maven-plugin-testing,,
maven-plugin-tools,,
maven-plugins-pom,,
maven-processor-plugin,,
maven-release,,
maven-remote-resources-plugin,,
maven-reporting-api,,
maven-reporting-exec,,
maven-reporting-impl,,
maven-resolver,,
maven-resources-plugin,,
maven-scm,,
maven-script-interpreter,,
maven-shade-plugin,,
maven-shared,,
maven-shared-incremental,,
maven-shared-io,,
maven-shared-jarsigner,,
maven-shared-utils,,
maven-site-plugin,,
maven-source-plugin,,
maven-surefire,,
maven-verifier,,
maven-verifier-plugin,,
maven-wagon,,
maven-war-plugin,,
maven2,,
mavibot,,
mc,,
mchange-commons,,
mcpp,,
mcstrans,,
mdadm,,
meanwhile,,
mecab,,
media-player-info,,
memcached,,
memleax,,
memtester,,
mercurial,,
mesa,,
mesa-demos,,
mesa-libGLU,,
meson,,
metacity,,
metadata-extractor2,,
metainf-services,,
metis,,
metrics,,
mikmod,,
mimepull,,
mina-ftpserver,,
mingw-filesystem,,
miniasm,,
minicom,,
minlog,,
mksh,,
mlocate,,
mm-common,,
mobile-broadband-provider-info,,
mocha,,
mock,,
mockito,,
mod_auth_gssapi,,
mod_auth_openidc,,
mod_authnz_pam,,
mod_fcgid,,
mod_http2,,
mod_intercept_form_submit,,
mod_lookup_identity,,
mod_security,,
mod_security_crs,,
modello,,
mojarra,,
mojo-parent,,
mokutil,,
mongo-c-driver,,
mongo-java-driver,,
mongo-java-driver2,,
morfologik-stemming,,
motif,,
mousetweaks,,
mozilla-filesystem,,
mozjs78,,
mpfr,,
mpg123,,
mpich,,
mrtg,,
mstflint,,
msv,,
mt-st,,
mtdev,,
mtools,,
mtr,,
mtx,,
multilib-rpm-config,,
multipath-tools,,
multithreadedtc,,
multiverse,,
munge,,
munge-maven-plugin,,
musl,,
mustache-java,,
mutt,,
mutter,,
mvapich2,,
mvel,,
mx4j,,
mxparser,,
mybatis,,
mybatis-generator,,
mybatis-parent,,
mypaint-brushes,,
mysema-commons-lang,,
mysql,,
mysql-connector-java,,
mysql-selinux,,
mysql5,,
mythes,,
nafees-web-naskh-fonts,,
nagios,,
nailgun,,
nano,,
narayana,,
nasm,,
native-platform,,
nautilus,,
navilu-fonts,,
nbdkit,,
ncompress,,
ncurses,,
ndctl,,
ndisc6,,
nekohtml,,
neon,,
net-snmp,,
net-tools,,
netcf,,
nethogs,,
netlabel_tools,,
netpbm,,
netperf,,
nettle,,
netty,,
netty-tcnative,,
netty3,,
network-manager-applet,,
newlib,,
newt,,
nfs-utils,,
nfs4-acl-tools,,
nftables,,
nghttp2,,
nginx,,
nilfs-utils,,
ninja-build,,
nmap,,
nmon,,
node-gyp,,
nodejs,,
nodejs-abbrev,,
nodejs-acorn,,
nodejs-ansi,,
nodejs-ansi-font,,
nodejs-ansi-regex,,
nodejs-ansi-styles,,
nodejs-are-we-there-yet,,
nodejs-argparse,,
nodejs-array-differ,,
nodejs-array-index,,
nodejs-array-union,,
nodejs-array-uniq,,
nodejs-arrify,,
nodejs-asap,,
nodejs-asn1,,
nodejs-assert-plus,,
nodejs-assertion-error,,
nodejs-async,,
nodejs-aws-sign2,,
nodejs-balanced-match,,
nodejs-better-assert,,
nodejs-bindings,,
nodejs-bl,,
nodejs-block-stream,,
nodejs-bluebird,,
nodejs-boom,,
nodejs-brace-expansion,,
nodejs-buffer-equal,,
nodejs-builtin-modules,,
nodejs-bunker,,
nodejs-burrito,,
nodejs-bytes,,
nodejs-caller-callsite,,
nodejs-caller-path,,
nodejs-callsite,,
nodejs-callsites,,
nodejs-caseless,,
nodejs-chai,,
nodejs-chalk,,
nodejs-character-parser,,
nodejs-charm,,
nodejs-cjson,,
nodejs-clean-css,,
nodejs-cli-color,,
nodejs-clone,,
nodejs-closure-compiler,,
nodejs-colors,,
nodejs-combined-stream,,
nodejs-commander,,
nodejs-commonmark,,
nodejs-concat-map,,
nodejs-concat-stream,,
nodejs-console-dot-log,,
nodejs-constantinople,,
nodejs-core-util-is,,
nodejs-cryptiles,,
nodejs-css,,
nodejs-css-parse,,
nodejs-css-stringify,,
nodejs-ctype,,
nodejs-d,,
nodejs-dateformat,,
nodejs-debug,,
nodejs-deep-eql,,
nodejs-deep-equal,,
nodejs-deep-is,,
nodejs-defence,,
nodejs-defence-cli,,
nodejs-define-properties,,
nodejs-defined,,
nodejs-delayed-stream,,
nodejs-delegates,,
nodejs-diff,,
nodejs-difflet,,
nodejs-difflib,,
nodejs-docopt,,
nodejs-dreamopt,,
nodejs-duplexer,,
nodejs-ebnf-parser,,
nodejs-ejs,,
nodejs-end-of-stream,,
nodejs-entities,,
nodejs-es-abstract,,
nodejs-es-to-primitive,,
nodejs-es5-ext,,
nodejs-es6-iterator,,
nodejs-es6-symbol,,
nodejs-es6-weak-map,,
nodejs-escape-string-regexp,,
nodejs-escodegen,,
nodejs-esprima,,
nodejs-estraverse,,
nodejs-esutils,,
nodejs-event-emitter,,
nodejs-eventemitter2,,
nodejs-events-to-array,,
nodejs-exit,,
nodejs-expect-dot-js,,
nodejs-extend,,
nodejs-eyes,,
nodejs-fast-levenshtein,,
nodejs-faye-websocket,,
nodejs-figures,,
nodejs-fileset,,
nodejs-fill-keys,,
nodejs-find-up,,
nodejs-findup-sync,,
nodejs-flot,,
nodejs-for-each,,
nodejs-foreach,,
nodejs-forever-agent,,
nodejs-form-data,,
nodejs-formatio,,
nodejs-from,,
nodejs-fstream,,
nodejs-function-bind,,
nodejs-gauge,,
nodejs-gaze,,
nodejs-generate-function,,
nodejs-generate-object-property,,
nodejs-getobject,,
nodejs-github-url-from-git,,
nodejs-glob,,
nodejs-globule,,
nodejs-graceful-fs,,
nodejs-graceful-readlink,,
nodejs-growl,,
nodejs-grunt,,
nodejs-grunt-cli,,
nodejs-grunt-contrib-clean,,
nodejs-grunt-contrib-internal,,
nodejs-grunt-contrib-nodeunit,,
nodejs-grunt-contrib-uglify,,
nodejs-grunt-known-options,,
nodejs-grunt-legacy-log,,
nodejs-grunt-legacy-log-utils,,
nodejs-grunt-legacy-util,,
nodejs-gzip-size,,
nodejs-handlebars,,
nodejs-har-validator,,
nodejs-has,,
nodejs-has-ansi,,
nodejs-has-color,,
nodejs-has-flag,,
nodejs-has-symbols,,
nodejs-has-unicode,,
nodejs-hash_file,,
nodejs-hashish,,
nodejs-hawk,,
nodejs-heap,,
nodejs-hoek,,
nodejs-hooker,,
nodejs-hosted-git-info,,
nodejs-http-signature,,
nodejs-iconv,,
nodejs-iconv-lite,,
nodejs-image-size,,
nodejs-inflight,,
nodejs-inherits,,
nodejs-inherits1,,
nodejs-interpret,,
nodejs-is,,
nodejs-is-builtin-module,,
nodejs-is-callable,,
nodejs-is-date-object,,
nodejs-is-function,,
nodejs-is-my-json-valid,,
nodejs-is-object,,
nodejs-is-property,,
nodejs-is-regex,,
nodejs-is-symbol,,
nodejs-is-typedarray,,
nodejs-isarray,,
nodejs-isexe,,
nodejs-isstream,,
nodejs-istanbul,,
nodejs-jade,,
nodejs-jison,,
nodejs-jison-lex,,
nodejs-jju,,
nodejs-js-yaml,,
nodejs-json-diff,,
nodejs-json-parse-helpfulerror,,
nodejs-json-stringify-safe,,
nodejs-jsonify,,
nodejs-jsonpointer,,
nodejs-jsonselect,,
nodejs-less,,
nodejs-less-plugin-clean-css,,
nodejs-levn,,
nodejs-lex-parser,,
nodejs-load-grunt-tasks,,
nodejs-locate-path,,
nodejs-lolex,,
nodejs-lru-queue,,
nodejs-make-arrow-function,,
nodejs-make-generator-function,,
nodejs-maxmin,,
nodejs-mdurl,,
nodejs-memoizee,,
nodejs-merge-descriptors,,
nodejs-mime,,
nodejs-mime-db,,
nodejs-mime-types,,
nodejs-minimatch,,
nodejs-minimist,,
nodejs-mkdirp,,
nodejs-mock-fs,,
nodejs-module-not-found-error,,
nodejs-monocle,,
nodejs-ms,,
nodejs-multimatch,,
nodejs-nan,,
nodejs-nan0,,
nodejs-nan1,,
nodejs-next-tick,,
nodejs-node-uuid,,
nodejs-nomnom,,
nodejs-nopt,,
nodejs-noptify,,
nodejs-normalize-package-data,,
nodejs-npmlog,,
nodejs-oauth-sign,,
nodejs-object-assign,,
nodejs-object-dot-assign,,
nodejs-object-inspect,,
nodejs-object-is,,
nodejs-object-keys,,
nodejs-once,,
nodejs-optimist,,
nodejs-optionator,,
nodejs-os-homedir,,
nodejs-os-tmpdir,,
nodejs-osenv,,
nodejs-p-limit,,
nodejs-p-locate,,
nodejs-package,,
nodejs-packaging,,
nodejs-paperboy,,
nodejs-path-array,,
nodejs-path-exists,,
nodejs-path-is-absolute,,
nodejs-path-parse,,
nodejs-pinkie,,
nodejs-pinkie-promise,,
nodejs-pkg-up,,
nodejs-prelude-ls,,
nodejs-pretty-bytes,,
nodejs-process-nextick-args,,
nodejs-promise,,
nodejs-promises-aplus-tests,,
nodejs-proxyquire,,
nodejs-qs,,
nodejs-raw-body,,
nodejs-read-package-json,,
nodejs-readable-stream,,
nodejs-readdirp,,
nodejs-rechoir,,
nodejs-replace-require-self,,
nodejs-request,,
nodejs-require-directory,,
nodejs-require-inject,,
nodejs-require-uncached,,
nodejs-requirejs,,
nodejs-resolve,,
nodejs-resolve-from,,
nodejs-resolve-pkg,,
nodejs-resumer,,
nodejs-rimraf,,
nodejs-rollup,,
nodejs-runforcover,,
nodejs-safe-buffer,,
nodejs-samsam,,
nodejs-semver,,
nodejs-set-immediate-shim,,
nodejs-shelljs,,
nodejs-should,,
nodejs-should-equal,,
nodejs-should-format,,
nodejs-should-type,,
nodejs-simple-assert,,
nodejs-sinon,,
nodejs-slide,,
nodejs-sntp,,
nodejs-source-map,,
nodejs-source-map-support,,
nodejs-spdx-correct,,
nodejs-spdx-exceptions,,
nodejs-spdx-expression-parse,,
nodejs-spdx-license-ids,,
nodejs-sprintf-js,,
nodejs-stream-replace,,
nodejs-string,,
nodejs-string-dot-prototype-dot-repeat,,
nodejs-string-dot-prototype-dot-trim,,
nodejs-string_decoder,,
nodejs-stringstream,,
nodejs-strip-ansi,,
nodejs-strip-json-comments,,
nodejs-supports-color,,
nodejs-tap,,
nodejs-tap-parser,,
nodejs-tape,,
nodejs-tar,,
nodejs-temporary,,
nodejs-test,,
nodejs-through,,
nodejs-through2,,
nodejs-timers-ext,,
nodejs-tiny-lr-fork,,
nodejs-tough-cookie,,
nodejs-transformers,,
nodejs-traverse,,
nodejs-tunnel-agent,,
nodejs-type-check,,
nodejs-type-detect,,
nodejs-underscore,,
nodejs-underscore-dot-string,,
nodejs-unpipe,,
nodejs-uri-path,,
nodejs-util,,
nodejs-util-deprecate,,
nodejs-validate-npm-package-license,,
nodejs-vows,,
nodejs-websocket-driver,,
nodejs-which,,
nodejs-window-size,,
nodejs-with,,
nodejs-wordwrap,,
nodejs-wrappy,,
nodejs-xtend,,
nodejs-yamlish,,
nodejs-yargs,,
nodejsporter,,
nodelet_core,,
nodeunit,,
noggit,,
notification-daemon,,
nototools,,
npth,,
nspr,,
nss,,
nss-altfiles,,
nss-mdns,,
nss-pam-ldapd,,
nss-pem,,
nss_nis,,
nss_wrapper,,
ntfs-3g,,
ntp,,
ntpstat,,
numactl,,
numad,,
numpy,,
nv-codec-headers,,
nvme-cli,,
nvme-snsd,,
nvmetcli,,
nvwa,,
oath-toolkit,,
objectweb-asm,,
objectweb-asm3,,
objectweb-pom,,
objenesis,,
obs-build,,
obs-bundled-gems,,
obs-env,,
obs-server,,
obs-service-download_files,,
obs-service-extract_file,,
obs-service-rust2rpm,,
obs-service-set_version,,
ocaml,,
ocaml-calendar,,
ocaml-camlp4,,
ocaml-cppo,,
ocaml-csexp,,
ocaml-csv,,
ocaml-curses,,
ocaml-dune,,
ocaml-extlib,,
ocaml-fileutils,,
ocaml-findlib,,
ocaml-gettext,,
ocaml-libvirt,,
ocaml-ocamlbuild,,
ocaml-ounit,,
ocaml-xml-light,,
ocl-icd,,
oddjob,,
oec-hardware,,
oemaker,,
ogdi,,
ongres-scram,,
ongres-stringprep,,
oniguruma,,
open-iscsi,,
open-isns,,
open-sans-fonts,,
openEuler-latest-release,,
openEuler-lsb,,
openEuler-repos,,
openEuler-rpm-config,,
openal-soft,,
opencc,,
opencl-clhpp,,
opencl-headers,,
opencore-amr,,
opencryptoki,,
opengauss-dcf,,
opengauss-server,,
openhpi,,
openjade,,
openjdk-1.8.0,,
openjdk-11,,
openjdk-latest,,
openjpa,,
openjpeg2,,
openldap,,
openmpi,,
openoffice-lv,,
openoffice.org-dict-cs_CZ,,
openpgm,,
openresty,,
openresty-openssl111,,
openresty-pcre,,
openresty-zlib,,
opensc,,
openscap,,
openslp,,
opensm,,
opensp,,
openssh,,
openssl,,
openssl-pkcs11,,
openssl_tpm2_engine,,
opentest4j,,
openvpn,,
openvswitch,,
openwebbeans,,
openwsman,,
options,,
optipng,,
opus,,
opusfile,,
orc,,
orca,,
os-maven-plugin,,
os-prober,,
osc,,
oscap-anaconda-addon,,
osgi-annotation,,
osgi-compendium,,
osgi-core,,
osinfo-db,,
osinfo-db-tools,,
ostree,,
overpass-fonts,,
p11-kit,,
p7zip,,
pakchois,,
paktype-naqsh-fonts,,
paktype-naskh-basic-fonts,,
paktype-tehreer-fonts,,
pam,,
pam_krb5,,
pam_wrapper,,
pango,,
pangomm,,
papi,,
paps,,
paranamer,,
paratype-pt-sans-fonts,,
parboiled,,
parted,,
passenger,,
passwd,,
patch,,
patch-tracking,,
patchutils,,
pavucontrol,,
pax,,
pbzip2,,
pcaudiolib,,
pciutils,,
pcp,,
pcre,,
pcre2,,
pcsc-lite,,
pdf-renderer,,
pdfbox,,
pdfpc,,
pegdown,,
perftest,,
perl,,
perl-Algorithm-Diff,,
perl-Alien-Build,,
perl-Alien-Libxml2,,
perl-App-FatPacker,,
perl-Archive-Tar,,
perl-Archive-Zip,,
perl-Authen-SASL,,
perl-B-COW,,
perl-B-Debug,,
perl-B-Keywords,,
perl-B-Lint,,
perl-BSD-Resource,,
perl-BSSolv,,
perl-BibTeX-Parser,,
perl-Bit-Vector,,
perl-Business-ISBN,,
perl-Business-ISBN-Data,,
perl-CGI,,
perl-CPAN,,
perl-CPAN-Changes,,
perl-CPAN-DistnameInfo,,
perl-CPAN-Meta,,
perl-CPAN-Meta-Requirements,,
perl-CPAN-Meta-YAML,,
perl-Canary-Stability,,
perl-Capture-Tiny,,
perl-Carp,,
perl-Carp-Clan,,
perl-Class-Accessor,,
perl-Class-ISA,,
perl-Class-Inspector,,
perl-Class-Method-Modifiers,,
perl-Class-Tiny,,
perl-Class-XSAccessor,,
perl-Compress-Bzip2,,
perl-Compress-Raw-Bzip2,,
perl-Compress-Raw-Zlib,,
perl-Config-AutoConf,,
perl-Config-General,,
perl-Config-IniFiles,,
perl-Config-Perl-V,,
perl-Convert-ASN1,,
perl-Convert-Bencode,,
perl-Crypt-CBC,,
perl-Crypt-Cracklib,,
perl-Crypt-DES,,
perl-Crypt-IDEA,,
perl-Crypt-OpenSSL-Bignum,,
perl-Crypt-OpenSSL-Guess,,
perl-Crypt-OpenSSL-RSA,,
perl-Crypt-OpenSSL-Random,,
perl-Crypt-PasswdMD5,,
perl-Crypt-X509,,
perl-DBD-MariaDB,,
perl-DBD-MySQL,,
perl-DBD-Pg,,
perl-DBD-SQLite,,
perl-DBI,,
perl-DB_File,,
perl-Data-Dump,,
perl-Data-Dumper,,
perl-Data-OptList,,
perl-Data-Section,,
perl-Data-UUID,,
perl-Date-Calc,,
perl-Date-Manip,,
perl-Devel-CheckLib,,
perl-Devel-GlobalDestruction,,
perl-Devel-PPPort,,
perl-Devel-Size,,
perl-Devel-Symdump,,
perl-Digest,,
perl-Digest-HMAC,,
perl-Digest-MD5,,
perl-Digest-Perl-MD5,,
perl-Digest-SHA,,
perl-Digest-SHA1,,
perl-Digest-SHA3,,
perl-Email-Date-Format,,
perl-Encode,,
perl-Encode-Detect,,
perl-Encode-IMAPUTF7,,
perl-Encode-Locale,,
perl-Env,,
perl-Error,,
perl-Expect,,
perl-Exporter,,
perl-Exporter-Tiny,,
perl-ExtUtils-CBuilder,,
perl-ExtUtils-Config,,
perl-ExtUtils-Depends,,
perl-ExtUtils-Helpers,,
perl-ExtUtils-Install,,
perl-ExtUtils-InstallPaths,,
perl-ExtUtils-MakeMaker,,
perl-ExtUtils-Manifest,,
perl-ExtUtils-ParseXS,,
perl-ExtUtils-PkgConfig,,
perl-FCGI,,
perl-FFI-CheckLib,,
perl-Fedora-VSP,,
perl-File-BaseDir,,
perl-File-CheckTree,,
perl-File-Copy-Recursive,,
perl-File-DesktopEntry,,
perl-File-Fetch,,
perl-File-Find-Rule,,
perl-File-Find-Rule-Perl,,
perl-File-HomeDir,,
perl-File-Listing,,
perl-File-MimeInfo,,
perl-File-Path,,
perl-File-ReadBackwards,,
perl-File-Remove,,
perl-File-ShareDir,,
perl-File-ShareDir-Install,,
perl-File-Slurp,,
perl-File-Sync,,
perl-File-Temp,,
perl-File-Which,,
perl-File-chdir,,
perl-File-pushd,,
perl-Filter,,
perl-Filter-Simple,,
perl-Font-TTF,,
perl-GD,,
perl-GD-Barcode,,
perl-GSSAPI,,
perl-Getopt-Long,,
perl-HTML-Form,,
perl-HTML-Parser,,
perl-HTML-Tagset,,
perl-HTTP-Cookies,,
perl-HTTP-Daemon,,
perl-HTTP-Date,,
perl-HTTP-Message,,
perl-HTTP-Negotiate,,
perl-HTTP-Server-Simple,,
perl-HTTP-Tiny,,
perl-IO-All,,
perl-IO-Compress,,
perl-IO-HTML,,
perl-IO-Multiplex,,
perl-IO-Socket-INET6,,
perl-IO-Socket-IP,,
perl-IO-Socket-SSL,,
perl-IO-String,,
perl-IO-Tty,,
perl-IO-stringy,,
perl-IPC-Cmd,,
perl-IPC-Run,,
perl-IPC-SysV,,
perl-IPC-System-Simple,,
perl-Import-Into,,
perl-Importer,,
perl-JSON,,
perl-JSON-PP,,
perl-JSON-XS,,
perl-LWP-MediaTypes,,
perl-LWP-Protocol-https,,
perl-LaTeX-ToUnicode,,
perl-List-MoreUtils,,
perl-List-MoreUtils-XS,,
perl-Locale-Codes,,
perl-Locale-Maketext,,
perl-MIME-Base64,,
perl-MIME-Charset,,
perl-MIME-Lite,,
perl-MIME-Types,,
perl-MRO-Compat,,
perl-Mail-AuthenticationResults,,
perl-Mail-DKIM,,
perl-Mail-IMAPTalk,,
perl-Mail-SPF,,
perl-Mail-Sender,,
perl-Mail-Sendmail,,
perl-MailTools,,
perl-Math-BigInt,,
perl-Math-BigInt-FastCalc,,
perl-Math-BigRat,,
perl-Math-Int64,,
perl-Module-Build,,
perl-Module-Build-Tiny,,
perl-Module-CPANfile,,
perl-Module-CoreList,,
perl-Module-Install,,
perl-Module-Install-AuthorRequires,,
perl-Module-Install-AuthorTests,,
perl-Module-Install-AutoLicense,,
perl-Module-Install-GithubMeta,,
perl-Module-Install-ManifestSkip,,
perl-Module-Install-ReadmeFromPod,,
perl-Module-Install-ReadmeMarkdownFromPod,,
perl-Module-Install-Repository,,
perl-Module-Load,,
perl-Module-Load-Conditional,,
perl-Module-Manifest-Skip,,
perl-Module-Metadata,,
perl-Module-Package,,
perl-Module-Package-Au,,
perl-Module-Pluggable,,
perl-Module-Runtime,,
perl-Module-ScanDeps,,
perl-Mojolicious,,
perl-Moo,,
perl-Mozilla-CA,,
perl-Mozilla-LDAP,,
perl-NTLM,,
perl-Net-CIDR-Lite,,
perl-Net-DNS,,
perl-Net-DNS-Resolver-Mock,,
perl-Net-DNS-Resolver-Programmable,,
perl-Net-DNS-SEC,,
perl-Net-Daemon,,
perl-Net-HTTP,,
perl-Net-IP,,
perl-Net-LibIDN,,
perl-Net-LibIDN2,,
perl-Net-SMTP-SSL,,
perl-Net-SNMP,,
perl-Net-SSLeay,,
perl-Net-Server,,
perl-NetAddr-IP,,
perl-Number-Compare,,
perl-Object-HashBase,,
perl-PSGI,,
perl-Package-Constants,,
perl-Package-Generator,,
perl-Parallel-ForkManager,,
perl-Params-Check,,
perl-Params-Util,,
perl-Parse-Yapp,,
perl-Path-Class,,
perl-Path-Tiny,,
perl-PathTools,,
perl-Perl-OSType,,
perl-PerlIO-utf8_strict,,
perl-PerlIO-via-QuotedPrint,,
perl-PkgConfig-LibPkgConf,,
perl-Pod-Checker,,
perl-Pod-Coverage,,
perl-Pod-Escapes,,
perl-Pod-LaTeX,,
perl-Pod-Markdown,,
perl-Pod-Parser,,
perl-Pod-Perldoc,,
perl-Pod-Plainer,,
perl-Pod-Simple,,
perl-Pod-Usage,,
perl-Readonly,,
perl-Regexp-Common,,
perl-Role-Tiny,,
perl-SGMLSpm,,
perl-SNMP_Session,,
perl-SUPER,,
perl-Scalar-List-Utils,,
perl-Scope-Guard,,
perl-Socket,,
perl-Socket-MsgHdr,,
perl-Socket6,,
perl-Software-License,,
perl-Storable,,
perl-String-CRC32,,
perl-String-ShellQuote,,
perl-Struct-Dumb,,
perl-Sub-Exporter,,
perl-Sub-Exporter-Progressive,,
perl-Sub-Identify,,
perl-Sub-Info,,
perl-Sub-Install,,
perl-Sub-Name,,
perl-Sub-Quote,,
perl-Sub-Uplevel,,
perl-Switch,,
perl-Sys-CPU,,
perl-Sys-MemInfo,,
perl-Sys-Syslog,,
perl-Sys-Virt,,
perl-Term-ANSIColor,,
perl-Term-Cap,,
perl-Term-Table,,
perl-TermReadKey,,
perl-Test-Deep,,
perl-Test-Exception,,
perl-Test-FailWarnings,,
perl-Test-Fatal,,
perl-Test-File,,
perl-Test-Harness,,
perl-Test-InDistDir,,
perl-Test-Inter,,
perl-Test-LeakTrace,,
perl-Test-MockModule,,
perl-Test-Needs,,
perl-Test-NoWarnings,,
perl-Test-Output,,
perl-Test-Pod,,
perl-Test-Pod-Coverage,,
perl-Test-Regexp,,
perl-Test-Requires,,
perl-Test-RequiresInternet,,
perl-Test-Simple,,
perl-Test-Warn,,
perl-Test-Warnings,,
perl-Test2-Suite,,
perl-Text-Aligner,,
perl-Text-Balanced,,
perl-Text-CharWidth,,
perl-Text-Diff,,
perl-Text-Glob,,
perl-Text-ParseWords,,
perl-Text-Soundex,,
perl-Text-Tabs-Wrap,,
perl-Text-Template,,
perl-Text-Unidecode,,
perl-Text-WrapI18N,,
perl-Thread-Queue,,
perl-Tie-IxHash,,
perl-Time-HiRes,,
perl-Time-Local,,
perl-TimeDate,,
perl-Tk,,
perl-Try-Tiny,,
perl-Types-Serialiser,,
perl-URI,,
perl-Unicode-Collate,,
perl-Unicode-EastAsianWidth,,
perl-Unicode-LineBreak,,
perl-Unicode-Normalize,,
perl-Unicode-UTF8,,
perl-WWW-RobotRules,,
perl-XML-Catalog,,
perl-XML-LibXML,,
perl-XML-NamespaceSupport,,
perl-XML-Parser,,
perl-XML-SAX,,
perl-XML-SAX-Base,,
perl-XML-Simple,,
perl-XML-Structured,,
perl-XML-TokeParser,,
perl-XML-Writer,,
perl-XML-XPath,,
perl-YAML,,
perl-YAML-LibYAML,,
perl-YAML-Tiny,,
perl-autodie,,
perl-bignum,,
perl-common-sense,,
perl-constant,,
perl-experimental,,
perl-generators,,
perl-gettext,,
perl-inc-latest,,
perl-libintl-perl,,
perl-libnet,,
perl-libwww-perl,,
perl-libxml-perl,,
perl-local-lib,,
perl-parent,,
perl-perlfaq,,
perl-podlators,,
perl-strictures,,
perl-threads,,
perl-threads-shared,,
perl-version,,
pesign,,
pesign-obs-integration,,
phodav,,
phonon,,
php,,
physfs,,
picketbox,,
picketbox-commons,,
picketbox-xacml,,
pigz,,
pinentry,,
pinfo,,
pipewire,,
pixman,,
pkcs11-helper,,
pkgconf,,
pkgship,,
plexus-ant-factory,,
plexus-archiver,,
plexus-bsh-factory,,
plexus-build-api,,
plexus-cipher,,
plexus-classworlds,,
plexus-cli,,
plexus-compiler,,
plexus-component-api,,
plexus-component-factories-pom,,
plexus-components-pom,,
plexus-containers,,
plexus-i18n,,
plexus-interactivity,,
plexus-interpolation,,
plexus-io,,
plexus-languages,,
plexus-pom,,
plexus-resources,,
plexus-sec-dispatcher,,
plexus-utils,,
plexus-velocity,,
plotutils,,
plymouth,,
pmix,,
pngcrush,,
pngquant,,
pnm2ppa,,
po4a,,
poco,,
podman,,
policycoreutils,,
polkit,,
polkit-gnome,,
polkit-pkla-compat,,
poly2tri,,
polyglot,,
poppler,,
poppler-data,,
popt,,
portals-pom,,
portaudio,,
portlet-2.0-api,,
portreserve,,
postfix,,
postgresql,,
postgresql-jdbc,,
potrace,,
powermock,,
powertop,,
ppp,,
pps-tools,,
pptp,,
procinfo,,
procmail,,
procps-ng,,
proftpd,,
proguard,,
proj,,
properties-maven-plugin,,
protobuf,,
protobuf-c,,
protobuf2,,
protoparser,,
protostream,,
proxool,,
proxytoys,,
ps_mem,,
psacct,,
psmisc,,
pstoedit,,
psutils,,
publicsuffix-list,,
pulseaudio,,
pv,,
py3c,,
pyOpenSSL,,
pyScss,,
pyatspi,,
pybind11,,
pycairo,,
pyelftools,,
pyflakes,,
pygobject3,,
pykickstart,,
pylint,,
pyparsing,,
pyparted,,
pyserial,,
pytest,,
python-APScheduler,,
python-AWSIoTPythonSDK,,
python-Flask-APScheduler,,
python-Flask-HTTPAuth,,
python-Flask-Limiter,,
python-Flask-SQLAlchemy,,
python-IPy,,
python-Keras,,
python-Keras_Preprocessing,,
python-PyLaTeX,,
python-PyMySQL,,
python-PyNLPl,,
python-SQLAlchemy-Utils,,
python-SecretStorage,,
python-WSGIProxy2,,
python-XlsxWriter,,
python-abclient,,
python-absl-py,,
python-aexpect,,
python-aiohttp,,
python-aiomysql,,
python-aiosmtpd,,
python-aiozeroconf,,
python-alembic,,
python-alsa,,
python-altgraph,,
python-aniso8601,,
python-ansicolors,,
python-anyjson,,
python-anytree,,
python-apipkg,,
python-appdirs,,
python-argcomplete,,
python-argh,,
python-argparse-manpage,,
python-args,,
python-asciitree,,
python-asn1crypto,,
python-asteval,,
python-astor,,
python-astral,,
python-astroid,,
python-astunparse,,
python-async-timeout,,
python-atomicwrites,,
python-atpublic,,
python-attrs,,
python-augeas,,
python-authheaders,,
python-authres,,
python-backcall,,
python-backlash,,
python-backports-unittest_mock,,
python-backports_abc,,
python-baluhn,,
python-bcrypt,,
python-beaker,,
python-beautifulsoup4,,
python-behave,,
python-blinker,,
python-blivet,,
python-boto3,,
python-botocore,,
python-bottle,,
python-breathe,,
python-cached_property,,
python-cachelib,,
python-cachetools,,
python-cairocffi,,
python-cchardet,,
python-certifi,,
python-cffi,,
python-chardet,,
python-charset-normalizer,,
python-cheetah,,
python-cheroot,,
python-cherrypy,,
python-click,,
python-cloudpickle,,
python-cmdln,,
python-colorama,,
python-commonmark,,
python-concurrent-log-handler,,
python-configobj,,
python-configparser,,
python-configshell,,
python-constantly,,
python-construct,,
python-contextlib2,,
python-copr,,
python-cov-core,,
python-coverage,,
python-cpio,,
python-cppy,,
python-crypto,,
python-cryptography,,
python-cryptography-vectors,,
python-cssselect,,
python-cups,,
python-cycler,,
python-dasbus,,
python-dateutil,,
python-dbusmock,,
python-ddt,,
python-decorator,,
python-defusedxml,,
python-deprecated,,
python-dict2xml,,
python-distlib,,
python-distro,,
python-django-cache-url,,
python-django-pipeline,,
python-dkimpy,,
python-dmidecode,,
python-dns,,
python-docker,,
python-docker-pycreds,,
python-dockerpty,,
python-docopt,,
python-docutils,,
python-dominate,,
python-ecdsa,,
python-editor,,
python-elasticsearch7,,
python-elementpath,,
python-enchant,,
python-entrypoints,,
python-estimator,,
python-ethtool,,
python-evdev,,
python-execnet,,
python-extras,,
python-ez_setup,,
python-falcon,,
python-filelock,,
python-fixtures,,
python-flake8,,
python-flask,,
python-flask-restful,,
python-flask-restx,,
python-flask-session,,
python-flit,,
python-flufl.bounce,,
python-flufl.i18n,,
python-flufl.lock,,
python-flufl.testing,,
python-fonttools,,
python-freezegun,,
python-funcsigs,,
python-gast,,
python-genshi,,
python-gevent,,
python-gflags,,
python-gitlab,,
python-google-apputils,,
python-google-auth,,
python-google-auth-oauthlib,,
python-google-pasta,,
python-greenlet,,
python-gssapi,,
python-gunicorn,,
python-h5py,,
python-hamcrest,,
python-hpack,,
python-html5lib,,
python-httmock,,
python-httplib2,,
python-httpretty,,
python-humanize,,
python-hwdata,,
python-hyperframe,,
python-hyperlink,,
python-hyperopt,,
python-hypothesis,,
python-idna,,
python-ifcfg,,
python-imagesize,,
python-importlib-metadata,,
python-importlib-resources,,
python-incremental,,
python-iniconfig,,
python-iniparse,,
python-inotify,,
python-invoke,,
python-ipaddress,,
python-ipython_genutils,,
python-iso8601,,
python-isodate,,
python-isort,,
python-itsdangerous,,
python-jaraco-classes,,
python-jaraco-collections,,
python-jaraco-functools,,
python-jaraco-text,,
python-jeepney,,
python-jinja2,,
python-jmespath,,
python-joblib,,
python-json-tricks,,
python-jsonpatch,,
python-jsonpointer,,
python-jsonschema,,
python-junitxml,,
python-jwcrypto,,
python-jwt,,
python-kdcproxy,,
python-keras-rl2,,
python-kerberos,,
python-keyczar,,
python-keyring,,
python-kitchen,,
python-kiwisolver,,
python-kmod,,
python-kubernetes,,
python-lazr.config,,
python-lazr.delegates,,
python-lazy-object-proxy,,
python-ldap,,
python-lhsmdu,,
python-limits,,
python-linecache2,,
python-linux-procfs,,
python-lit,,
python-logutils,,
python-lxml,,
python-mako,,
python-markdown,,
python-markupsafe,,
python-marshmallow,,
python-matplotlib,,
python-mccabe,,
python-meh,,
python-memcached,,
python-memory-profiler,,
python-mimeparse,,
python-minidb,,
python-mistune,,
python-mock,,
python-more-itertools,,
python-multidict,,
python-munch,,
python-mypy,,
python-mypy-extensions,,
python-mysqlclient,,
python-nbxmpp,,
python-netaddr,,
python-netifaces,,
python-networkx,,
python-nni,,
python-nocasedict,,
python-nocaselist,,
python-nose2,,
python-nss,,
python-ntlm-auth,,
python-ntplib,,
python-oauthlib,,
python-olefile,,
python-opt-einsum,,
python-ordered-set,,
python-packaging,,
python-pallets-sphinx-themes,,
python-pandas,,
python-parameterized,,
python-paramiko,,
python-parse,,
python-parse_type,,
python-passlib,,
python-paste,,
python-paste-deploy,,
python-path,,
python-pathlib2,,
python-pathspec,,
python-pbkdf2,,
python-pbr,,
python-pecan,,
python-pexpect,,
python-pid,,
python-pillow,,
python-pip,,
python-pkgconfig,,
python-platformdirs,,
python-pluggy,,
python-ply,,
python-pocketlint,,
python-polib,,
python-portalocker,,
python-portend,,
python-pretend,,
python-prettytable,,
python-productmd,,
python-psutil,,
python-psycopg2,,
python-ptyprocess,,
python-publicsuffix2,,
python-py,,
python-pyaml,,
python-pyasn1,,
python-pyasn1-modules,,
python-pybeam,,
python-pycdlib,,
python-pycodestyle,,
python-pycparser,,
python-pycryptodome,,
python-pycryptodomex,,
python-pycurl,,
python-pydbus,,
python-pydocstyle,,
python-pygments,,
python-pyinstaller,,
python-pylama,,
python-pylons-sphinx-themes,,
python-pymongo,,
python-pynacl,,
python-pyquery,,
python-pyroute2,,
python-pyrpm,,
python-pyrsistent,,
python-pysaml2,,
python-pysocks,,
python-pytest-cov,,
python-pytest-expect,,
python-pytest-fixture-config,,
python-pytest-forked,,
python-pytest-mock,,
python-pytest-runner,,
python-pytest-shutil,,
python-pytest-timeout,,
python-pytest-virtualenv,,
python-pytest-xdist,,
python-pytest-xprocess,,
python-pythonwebhdfs,,
python-pytoml,,
python-pyudev,,
python-pyvmomi,,
python-qrcode,,
python-qt5,,
python-rdflib,,
python-recommonmark,,
python-redis,,
python-remoto,,
python-reportlab,,
python-repoze-lru,,
python-requests,,
python-requests-file,,
python-requests-ftp,,
python-requests-gssapi,,
python-requests-ntlm,,
python-requests-oauthlib,,
python-requests-toolbelt,,
python-retrying,,
python-routes,,
python-rpm-generators,,
python-rsa,,
python-rtslib,,
python-ruamel-yaml,,
python-ruamel-yaml-clib,,
python-s3transfer,,
python-schedutils,,
python-schema,,
python-scikit-learn,,
python-scikit-optimize,,
python-scons,,
python-scp,,
python-scrypt,,
python-semantic_version,,
python-setuptools,,
python-setuptools-rust,,
python-setuptools_git,,
python-setuptools_scm,,
python-simplegeneric,,
python-simplejson,,
python-simpleline,,
python-singledispatch,,
python-six,,
python-slip,,
python-smartypants,,
python-snowballstemmer,,
python-sortedcontainers,,
python-soupsieve,,
python-sphinx,,
python-sphinx-bootstrap-theme,,
python-sphinx-issues,,
python-sphinx-notfound-page,,
python-sphinx-theme-alabaster,,
python-sphinx_rtd_theme,,
python-sphinxcontrib-applehelp,,
python-sphinxcontrib-devhelp,,
python-sphinxcontrib-htmlhelp,,
python-sphinxcontrib-jsmath,,
python-sphinxcontrib-qthelp,,
python-sphinxcontrib-serializinghtml,,
python-sphinxcontrib-spelling,,
python-sphinxcontrib-websupport,,
python-sqlalchemy,,
python-straight-plugin,,
python-suds2,,
python-sure,,
python-systemd,,
python-tempita,,
python-tempora,,
python-tensorboard,,
python-tensorboard-plugin-wit,,
python-termcolor,,
python-testscenarios,,
python-testtools,,
python-texttable,,
python-threadpoolctl,,
python-toml,,
python-tornado,,
python-tox,,
python-tqdm,,
python-traceback2,,
python-traitlets,,
python-trustme,,
python-typed-ast,,
python-typing-extensions,,
python-typogrify,,
python-tzlocal,,
python-u-msgpack-python,,
python-unittest2,,
python-urlgrabber,,
python-urllib3,,
python-urwid,,
python-varlink,,
python-virtualenv,,
python-waitress,,
python-wcwidth,,
python-webencodings,,
python-webob,,
python-websocket-client,,
python-webtest,,
python-werkzeug,,
python-wheel,,
python-whoosh,,
python-winrm,,
python-wrapt,,
python-wrapt-1.10,,
python-xcffib,,
python-xgboost,,
python-xlrd,,
python-xmlschema,,
python-xmltodict,,
python-yamlloader,,
python-yarl,,
python-yubico,,
python-zc-lockfile,,
python-zipp,,
python-zmq,,
python-zope-component,,
python-zope-configuration,,
python-zope-deferredimport,,
python-zope-deprecation,,
python-zope-event,,
python-zope-hookable,,
python-zope-interface,,
python-zope-proxy,,
python-zope-schema,,
python-zope.i18nmessageid,,
python-zope.testing,,
python3,,
python3-mallard-ducktype,,
pytorch,,
pytz,,
pyusb,,
pywbem,,
pyxattr,,
pyxdg,,
qdox,,
qemu,,
qgnomeplatform,,
qhull,,
qpdf,,
qperf,,
qpid-proton,,
qpid-proton-java,,
qrencode,,
qrupdate,,
qscintilla,,
qt,,
qt-assistant-adp,,
qt-mobility,,
qt5,,
qt5-doc,,
qt5-qt3d,,
qt5-qtbase,,
qt5-qtcanvas3d,,
qt5-qtconnectivity,,
qt5-qtdeclarative,,
qt5-qtdoc,,
qt5-qtenginio,,
qt5-qtgraphicaleffects,,
qt5-qtimageformats,,
qt5-qtlocation,,
qt5-qtmultimedia,,
qt5-qtquickcontrols,,
qt5-qtquickcontrols2,,
qt5-qtscript,,
qt5-qtsensors,,
qt5-qtserialbus,,
qt5-qtserialport,,
qt5-qtsvg,,
qt5-qttools,,
qt5-qttranslations,,
qt5-qtwayland,,
qt5-qtwebchannel,,
qt5-qtwebkit,,
qt5-qtwebsockets,,
qt5-qtx11extras,,
qt5-qtxmlpatterns,,
quartz,,
quota,,
rabbitmq-java-client,,
rabbitmq-server,,
radvd,,
ragel,,
randomizedtesting,,
rapidjson,,
raptor2,,
rarian,,
rasdaemon,,
rasqal,,
rcs,,
rdate,,
rdma-core,,
re2,,
readline,,
realmd,,
recode,,
redis,,
redis5,,
redis6,,
redland,,
reflectasm,,
reflections,,
regexp,,
reiserfs-utils,,
relaxngDatatype,,
relaxngcc,,
remotetea,,
replacer,,
resource-agents,,
rest,,
resteasy,,
rhash,,
rhino,,
rhnlib,,
rhq-plugin-annotations,,
rmic-maven-plugin,,
rng-tools,,
rngom,,
rocksdb,,
rome,,
rootfiles,,
rootsh,,
rpcbind,,
rpcsvc-proto,,
rpm,,
rpm-ostree,,
rpmdevtools,,
rpmlint,,
rpmrebuild,,
rrdtool,,
rsync,,
rsyslog,,
rtkit,,
ruby,,
ruby-augeas,,
ruby-common,,
rubygem-Ascii85,,
rubygem-RedCloth,,
rubygem-ZenTest,,
rubygem-actioncable,,
rubygem-actionmailbox,,
rubygem-actionmailer,,
rubygem-actionpack,,
rubygem-actiontext,,
rubygem-actionview,,
rubygem-activejob,,
rubygem-activemodel,,
rubygem-activemodel-serializers-xml,,
rubygem-activerecord,,
rubygem-activeresource,,
rubygem-activestorage,,
rubygem-activesupport,,
rubygem-addressable,,
rubygem-afm,,
rubygem-ansi,,
rubygem-arel,,
rubygem-aruba,,
rubygem-asciidoctor,,
rubygem-backports,,
rubygem-bacon,,
rubygem-bcrypt,,
rubygem-bindex,,
rubygem-bootsnap,,
rubygem-builder,,
rubygem-bundler,,
rubygem-byebug,,
rubygem-capybara,,
rubygem-childprocess,,
rubygem-chronic,,
rubygem-coderay,,
rubygem-coffee-script,,
rubygem-coffee-script-source,,
rubygem-concurrent-ruby,,
rubygem-connection_pool,,
rubygem-contracts,,
rubygem-crack,,
rubygem-crass,,
rubygem-creole,,
rubygem-cucumber,,
rubygem-cucumber-core,,
rubygem-cucumber-expressions,,
rubygem-cucumber-tag_expressions,,
rubygem-cucumber-wire,,
rubygem-curb,,
rubygem-daemons,,
rubygem-dalli,,
rubygem-delorean,,
rubygem-diff-lcs,,
rubygem-docile,,
rubygem-domain_name,,
rubygem-ejs,,
rubygem-erubi,,
rubygem-erubis,,
rubygem-ethon,,
rubygem-eventmachine,,
rubygem-excon,,
rubygem-execjs,,
rubygem-expression_parser,,
rubygem-fakefs,,
rubygem-faraday,,
rubygem-faraday-em_http,,
rubygem-faraday-em_synchrony,,
rubygem-faraday-excon,,
rubygem-faraday-httpclient,,
rubygem-faraday-net_http,,
rubygem-faraday-net_http_persistent,,
rubygem-faraday-patron,,
rubygem-faraday-rack,,
rubygem-fattr,,
rubygem-ffi,,
rubygem-flexmock,,
rubygem-formatador,,
rubygem-gem2rpm,,
rubygem-gherkin,,
rubygem-globalid,,
rubygem-haml,,
rubygem-hashdiff,,
rubygem-hashery,,
rubygem-hiredis,,
rubygem-http-cookie,,
rubygem-httpclient,,
rubygem-i18n,,
rubygem-idn,,
rubygem-introspection,,
rubygem-jbuilder,,
rubygem-jquery-rails,,
rubygem-json_pure,,
rubygem-kramdown,,
rubygem-kramdown-parser-gfm,,
rubygem-launchy,,
rubygem-liquid,,
rubygem-listen,,
rubygem-loofah,,
rubygem-mail,,
rubygem-marcel,,
rubygem-maruku,,
rubygem-memcache-client,,
rubygem-metaclass,,
rubygem-method_source,,
rubygem-mime-types,,
rubygem-mime-types-data,,
rubygem-mimemagic,,
rubygem-mini_magick,,
rubygem-mini_mime,,
rubygem-minitest-reporters,,
rubygem-minitest4,,
rubygem-mocha,,
rubygem-msgpack,,
rubygem-multi_json,,
rubygem-multi_test,,
rubygem-multipart-post,,
rubygem-mustache,,
rubygem-mustermann,,
rubygem-nio4r,,
rubygem-nokogiri,,
rubygem-open4,,
rubygem-pdf-core,,
rubygem-pdf-inspector,,
rubygem-pdf-reader,,
rubygem-pg,,
rubygem-pkg-config,,
rubygem-power_assert,,
rubygem-prawn,,
rubygem-prawn-table,,
rubygem-pry,,
rubygem-pry-nav,,
rubygem-public_suffix,,
rubygem-puma,,
rubygem-racc,,
rubygem-rack,,
rubygem-rack-cache,,
rubygem-rack-protection,,
rubygem-rack-test,,
rubygem-rails,,
rubygem-rails-controller-testing,,
rubygem-rails-dom-testing,,
rubygem-rails-html-sanitizer,,
rubygem-railties,,
rubygem-rake-compiler,,
rubygem-rb-inotify,,
rubygem-rdiscount,,
rubygem-redcarpet,,
rubygem-redis,,
rubygem-regexp_parser,,
rubygem-regexp_property_values,,
rubygem-ronn-ng,,
rubygem-rouge,,
rubygem-rr,,
rubygem-rspec,,
rubygem-rspec-core,,
rubygem-rspec-expectations,,
rubygem-rspec-its,,
rubygem-rspec-mocks,,
rubygem-rspec-rails,,
rubygem-rspec-support,,
rubygem-rspec2,,
rubygem-rspec2-core,,
rubygem-rspec2-expectations,,
rubygem-rspec2-mocks,,
rubygem-ruby-progressbar,,
rubygem-ruby-rc4,,
rubygem-ruby-shadow,,
rubygem-ruby2_keywords,,
rubygem-rubyzip,,
rubygem-safe_yaml,,
rubygem-sass,,
rubygem-sass-rails,,
rubygem-sassc,,
rubygem-sassc-rails,,
rubygem-sd_notify,,
rubygem-sdoc,,
rubygem-selenium-webdriver,,
rubygem-shindo,,
rubygem-shoulda,,
rubygem-shoulda-context,,
rubygem-shoulda-matchers,,
rubygem-simplecov,,
rubygem-simplecov-html,,
rubygem-sinatra,,
rubygem-slop,,
rubygem-spring,,
rubygem-sprockets,,
rubygem-sprockets-rails,,
rubygem-sqlite3,,
rubygem-temple,,
rubygem-test-unit-rr,,
rubygem-test_declarative,,
rubygem-thin,,
rubygem-thor,,
rubygem-thread_order,,
rubygem-thread_safe,,
rubygem-tilt,,
rubygem-timecop,,
rubygem-ttfunk,,
rubygem-turbolinks,,
rubygem-turbolinks-source,,
rubygem-typhoeus,,
rubygem-tzinfo,,
rubygem-uglifier,,
rubygem-unf,,
rubygem-unf_ext,,
rubygem-webmock,,
rubygem-webrick,,
rubygem-websocket,,
rubygem-websocket-driver,,
rubygem-websocket-extensions,,
rubygem-wikicloth,,
rubygem-xpath,,
rubygem-yard,,
rubygem-zeitwerk,,
rust-packaging,,
rxjava,,
saab-fonts,,
sac,,
samba,,
samtools,,
samyak-fonts,,
sane-backends,,
sane-frontends,,
sanlock,,
sassc,,
sat4j,,
satyr,,
saxon,,
saxpath,,
sbc,,
sbinary,,
sblim-cmpi-devel,,
sblim-sfcCommon,,
sblim-sfcb,,
sblim-sfcc,,
sbt,,
scala,,
scap-security-guide,,
scap-workbench,,
scipy,,
screen,,
scrub,,
scsi-target-utils,,
sdparm,,
seahorse,,
secGear,,
secpaver,,
security-tool,,
sed,,
selinux-policy,,
sendmail,,
sentencepiece,,
sequence-library,,
serp,,
setools,,
setroubleshoot-plugins,,
setserial,,
setup,,
sg3_utils,,
sgml-common,,
sgpio,,
shadow,,
shapelib,,
shared-mime-info,,
sharutils,,
shrinkwrap,,
shrinkwrap-descriptors,,
shrinkwrap-resolver,,
signpost-core,,
sil-abyssinica-fonts,,
sil-nuosu-fonts,,
sil-padauk-fonts,,
sil-scheherazade-fonts,,
simde,,
simple,,
simple-xml,,
sip,,
sisu,,
sisu-mojos,,
skkdic,,
skopeo,,
slang,,
sleuthkit,,
slf4j,,
slf4j-jboss-logmanager,,
smartmontools,,
smc-fonts,,
smp_utils,,
snakeyaml,,
snapd-glib,,
snappy,,
snappy-java,,
snowball-java,,
socat,,
socket_wrapper,,
softhsm,,
sombok,,
sonatype-oss-parent,,
sonatype-plugins-parent,,
sos,,
sound-theme-freedesktop,,
soundtouch,,
source-highlight,,
sox,,
soxr,,
spamassassin,,
spatial4j,,
spawn-fcgi,,
spec-version-maven-plugin,,
speech-dispatcher,,
speex,,
speexdsp,,
sphinx,,
spice-gtk,,
spice-parent,,
spice-protocol,,
spice-vdagent,,
spirv-headers,,
spirv-llvm-translator,,
springframework,,
spymemcached,,
sqlite,,
sqlite-jdbc,,
sqljet,,
squashfs-tools,,
squid,,
srt,,
sscg,,
sshj,,
sshpass,,
sslext,,
sssd,,
star,,
startup-notification,,
stax-ex,,
stax2-api,,
staxmapper,,
stix-fonts,,
storm,,
strace,,
stream-lib,,
stringtemplate,,
stringtemplate4,,
strongswan,,
struts,,
stunnel,,
subunit,,
subversion,,
sudo,,
suitesparse,,
supermin,,
svnkit,,
swig,,
switcheroo-control,,
swt-chart,,
swtpm,,
symlinks,,
sysbench,,
syscontainer-tools,,
sysfsutils,,
sysget,,
sysprof,,
sysstat,,
system-config-printer,,
system-storage-manager,,
systemd,,
systemtap,,
t-digest,,
t1utils,,
taglib,,
tagsoup,,
takari-archiver,,
takari-incrementalbuild,,
takari-lifecycle,,
takari-plugin-testing,,
takari-pom,,
tang,,
tar,,
targetcli,,
tbb,,
tcl,,
tcllib,,
tclx,,
tcp_wrappers,,
tcpdump,,
tcsh,,
teckit,,
telepathy-filesystem,,
telepathy-glib,,
telepathy-logger,,
telnet,,
tensorflow,,
test-interface,,
testng,,
tex-fonts-hebrew,,
texi2html,,
texinfo,,
texlive,,
texlive-base,,
texlive-filesystem,,
texlive-split-a,,
texlive-split-b,,
texlive-split-c,,
texlive-split-d,,
texlive-split-e,,
texlive-split-f,,
texlive-split-g,,
texlive-split-h,,
texlive-split-i,,
texlive-split-j,,
texlive-split-k,,
texlive-split-l,,
texlive-split-m,,
texlive-split-n,,
texlive-split-o,,
texlive-split-p,,
texlive-split-q,,
texlive-split-r,,
texlive-split-s,,
texlive-split-t,,
texlive-split-u,,
texlive-split-v,,
texlive-split-w,,
texlive-split-x,,
texlive-split-y,,
texlive-split-z,,
tftp,,
thai-scalable-fonts,,
the_silver_searcher,,
thin-provisioning-tools,,
three-eight-nine-ds-base,,
thrift,,
tibetan-machine-uni-fonts,,
tidy,,
tigervnc,,
tiles,,
time,,
time-api,,
timedatex,,
tinycdb,,
tinyxml,,
tinyxml2,,
tipcutils,,
tix,,
tk,,
tmpwatch,,
tmux,,
tog-pegasus,,
tokyocabinet,,
tomcat,,
tomcat-taglibs-parent,,
tomcat-taglibs-standard,,
tomcatjss,,
totem-pl-parser,,
tpm-quote-tools,,
tpm-tools,,
tpm2-abrmd,,
tpm2-tools,,
tpm2-tss,,
trace-cmd,,
traceroute,,
tracker,,
tracker-miners,,
tracker3,,
tracker3-miners,,
transfig,,
tre,,
tree,,
treelayout,,
trilead-ssh2,,
trousers,,
tslib,,
tss2,,
ttembed,,
ttfautohint,,
ttmkfdir,,
tuna,,
tuned,,
tuscany-sdo-java,,
twolame,,
txw2,,
tycho,,
tycho-extras,,
typesafe-config,,
tzdata,,
u2f-hidraw-policy,,
uboot-tools,,
uchardet,,
ucs-miscfixed-fonts,,
udisks2,,
uglify-js,,
uglify-js1,,
uid_wrapper,,
uima-addons,,
uima-parent-pom,,
uimaj,,
umoci,,
umockdev,,
uname-build-checks,,
unbound,,
undertow,,
unicode-emoji,,
unicode-ucd,,
unique,,
unit-api,,
units,,
univocity-parsers,,
unixODBC,,
unixbench,,
unrtf,,
unzip,,
uom-parent,,
uperf,,
upower,,
uriparser,,
urlview,,
urw-base35-fonts,,
usb_modeswitch,,
usb_modeswitch-data,,
usbguard,,
usbmuxd,,
usbredir,,
usbutils,,
usermode,,
userspace-rcu,,
ustr,,
utf8proc,,
uthash,,
util-linux,,
uuid,,
uwsgi,,
v4l-utils,,
vala,,
valgrind,,
varnish,,
vcftools,,
vconfig,,
vdo,,
velocity,,
velocity-tools,,
vid.stab,,
vim,,
vinagre,,
vino,,
virglrenderer,,
virt-manager,,
virt-viewer,,
virt-what,,
vmtop,,
vo-amrwbenc,,
volume_key,,
vorbis-tools,,
vsftpd,,
vte,,
vte291,,
vulkan-headers,,
vulkan-loader,,
watchdog,,
wavpack,,
wayland,,
wayland-protocols,,
web-assets,,
webbench,,
webkit2gtk3,,
webrtc-audio-processing,,
weld-api,,
weld-core,,
weld-parent,,
wget,,
which,,
wildfly-build-tools,,
wildfly-common,,
wildfly-core,,
wildfly-elytron,,
wildfly-security-manager,,
wireless-regdb,,
wireless-tools,,
wireshark,,
wmctrl,,
woff2,,
woodstox-core,,
words,,
wpa_supplicant,,
wpebackend-fdo,,
wqy-microhei-fonts,,
wqy-zenhei-fonts,,
ws-commons-util,,
ws-jaxme,,
ws-xmlschema,,
wsdl4j,,
wsmancli,,
wxGTK3,,
x264,,
x265,,
x3270,,
xalan-j2,,
xapian-core,,
xapool,,
xbean,,
xcb-proto,,
xcb-util,,
xcb-util-image,,
xcb-util-keysyms,,
xcb-util-renderutil,,
xcb-util-wm,,
xdelta,,
xdg-dbus-proxy,,
xdg-desktop-portal,,
xdg-desktop-portal-gtk,,
xdg-user-dirs,,
xdg-user-dirs-gtk,,
xdg-utils,,
xerces-c,,
xerces-j2,,
xfsdump,,
xfsprogs,,
xhtml1-dtds,,
xinetd,,
xkeyboard-config,,
xml-commons-apis,,
xml-commons-resolver,,
xml-maven-plugin,,
xml-security,,
xmlbeans,,
xmlbeans-maven-plugin,,
xmlenc,,
xmlgraphics-commons,,
xmlpull,,
xmlrpc,,
xmlrpc-c,,
xmlsec1,,
xmlstarlet,,
xmlstreambuffer,,
xmlto,,
xmltoman,,
xmlunit,,
xmms,,
xmpcore,,
xmvn,,
xnio,,
xom,,
xorg-x11-apps,,
xorg-x11-drivers,,
xorg-x11-drv-ati,,
xorg-x11-drv-dummy,,
xorg-x11-drv-evdev,,
xorg-x11-drv-fbdev,,
xorg-x11-drv-libinput,,
xorg-x11-drv-nouveau,,
xorg-x11-drv-qxl,,
xorg-x11-drv-v4l,,
xorg-x11-drv-wacom,,
xorg-x11-font-utils,,
xorg-x11-fonts,,
xorg-x11-proto-devel,,
xorg-x11-server,,
xorg-x11-server-utils,,
xorg-x11-server-xwayland,,
xorg-x11-util-macros,,
xorg-x11-utils,,
xorg-x11-xauth,,
xorg-x11-xbitmaps,,
xorg-x11-xinit,,
xorg-x11-xkb-utils,,
xorg-x11-xtrans-devel,,
xpp3,,
xrestop,,
xsane,,
xsom,,
xstream,,
xterm,,
xvattr,,
xvidcore,,
xxhash,,
xz,,
xz-java,,
yajl,,
yaml-cpp,,
yaml-cpp03,,
yasm,,
yecht,,
yelp,,
yelp-tools,,
yelp-xsl,,
ykpers,,
yp-tools,,
ypbind,,
ypserv,,
zbar,,
zd1211-firmware,,
zenity,,
zerofree,,
zeromq,,
zimg,,
zinc,,
zip,,
zlib,,
znerd-oss-parent,,
zookeeper,,
zopfli,,
zsh,,
zstd,,
zvbi,,
zxing,,
zziplib,,
kata-containers,,
