openEuler:Mainline,A-FOT,https://build.tarsier-infra.com/package/show/openEuler:Mainline/A-FOT
openEuler:Mainline,A-Tune-Collector,https://build.tarsier-infra.com/package/show/openEuler:Mainline/A-Tune-Collector
openEuler:Mainline,HikariCP,https://build.tarsier-infra.com/package/show/openEuler:Mainline/HikariCP
openEuler:Mainline,SuperLU,https://build.tarsier-infra.com/package/show/openEuler:Mainline/SuperLU
openEuler:Mainline,XmlSchema,https://build.tarsier-infra.com/package/show/openEuler:Mainline/XmlSchema
openEuler:Mainline,aalto-xml,https://build.tarsier-infra.com/package/show/openEuler:Mainline/aalto-xml
openEuler:Mainline,aesh,https://build.tarsier-infra.com/package/show/openEuler:Mainline/aesh
openEuler:Mainline,amtk,https://build.tarsier-infra.com/package/show/openEuler:Mainline/amtk
openEuler:Mainline,ant,https://build.tarsier-infra.com/package/show/openEuler:Mainline/ant
openEuler:Mainline,ant-contrib,https://build.tarsier-infra.com/package/show/openEuler:Mainline/ant-contrib
openEuler:Mainline,antlr,https://build.tarsier-infra.com/package/show/openEuler:Mainline/antlr
openEuler:Mainline,antlr3,https://build.tarsier-infra.com/package/show/openEuler:Mainline/antlr3
openEuler:Mainline,antlr4,https://build.tarsier-infra.com/package/show/openEuler:Mainline/antlr4
openEuler:Mainline,aom,https://build.tarsier-infra.com/package/show/openEuler:Mainline/aom
openEuler:Mainline,aopalliance,https://build.tarsier-infra.com/package/show/openEuler:Mainline/aopalliance
openEuler:Mainline,apache-commons-cli,https://build.tarsier-infra.com/package/show/openEuler:Mainline/apache-commons-cli
openEuler:Mainline,apache-commons-codec,https://build.tarsier-infra.com/package/show/openEuler:Mainline/apache-commons-codec
openEuler:Mainline,apache-commons-collections,https://build.tarsier-infra.com/package/show/openEuler:Mainline/apache-commons-collections
openEuler:Mainline,apache-commons-compress,https://build.tarsier-infra.com/package/show/openEuler:Mainline/apache-commons-compress
openEuler:Mainline,apache-commons-configuration,https://build.tarsier-infra.com/package/show/openEuler:Mainline/apache-commons-configuration
openEuler:Mainline,apache-commons-daemon,https://build.tarsier-infra.com/package/show/openEuler:Mainline/apache-commons-daemon
openEuler:Mainline,apache-commons-dbcp,https://build.tarsier-infra.com/package/show/openEuler:Mainline/apache-commons-dbcp
openEuler:Mainline,apache-commons-exec,https://build.tarsier-infra.com/package/show/openEuler:Mainline/apache-commons-exec
openEuler:Mainline,apache-commons-io,https://build.tarsier-infra.com/package/show/openEuler:Mainline/apache-commons-io
openEuler:Mainline,apache-commons-lang,https://build.tarsier-infra.com/package/show/openEuler:Mainline/apache-commons-lang
openEuler:Mainline,apache-commons-lang3,https://build.tarsier-infra.com/package/show/openEuler:Mainline/apache-commons-lang3
openEuler:Mainline,apache-commons-logging,https://build.tarsier-infra.com/package/show/openEuler:Mainline/apache-commons-logging
openEuler:Mainline,apache-commons-net,https://build.tarsier-infra.com/package/show/openEuler:Mainline/apache-commons-net
openEuler:Mainline,apache-commons-parent,https://build.tarsier-infra.com/package/show/openEuler:Mainline/apache-commons-parent
openEuler:Mainline,apache-commons-pool,https://build.tarsier-infra.com/package/show/openEuler:Mainline/apache-commons-pool
openEuler:Mainline,apache-commons-vfs,https://build.tarsier-infra.com/package/show/openEuler:Mainline/apache-commons-vfs
openEuler:Mainline,apache-ivy,https://build.tarsier-infra.com/package/show/openEuler:Mainline/apache-ivy
openEuler:Mainline,apache-parent,https://build.tarsier-infra.com/package/show/openEuler:Mainline/apache-parent
openEuler:Mainline,apache-resource-bundles,https://build.tarsier-infra.com/package/show/openEuler:Mainline/apache-resource-bundles
openEuler:Mainline,apiguardian,https://build.tarsier-infra.com/package/show/openEuler:Mainline/apiguardian
openEuler:Mainline,aqute-bnd,https://build.tarsier-infra.com/package/show/openEuler:Mainline/aqute-bnd
openEuler:Mainline,args4j,https://build.tarsier-infra.com/package/show/openEuler:Mainline/args4j
openEuler:Mainline,armadillo,https://build.tarsier-infra.com/package/show/openEuler:Mainline/armadillo
openEuler:Mainline,arpack-ng,https://build.tarsier-infra.com/package/show/openEuler:Mainline/arpack-ng
openEuler:Mainline,autoconf213,https://build.tarsier-infra.com/package/show/openEuler:Mainline/autoconf213
openEuler:Mainline,autofdo,https://build.tarsier-infra.com/package/show/openEuler:Mainline/autofdo
openEuler:Mainline,automoc,https://build.tarsier-infra.com/package/show/openEuler:Mainline/automoc
openEuler:Mainline,avalon-framework,https://build.tarsier-infra.com/package/show/openEuler:Mainline/avalon-framework
openEuler:Mainline,avalon-logkit,https://build.tarsier-infra.com/package/show/openEuler:Mainline/avalon-logkit
openEuler:Mainline,aws-sdk-java,https://build.tarsier-infra.com/package/show/openEuler:Mainline/aws-sdk-java
openEuler:Mainline,bam,https://build.tarsier-infra.com/package/show/openEuler:Mainline/bam
openEuler:Mainline,base64coder,https://build.tarsier-infra.com/package/show/openEuler:Mainline/base64coder
openEuler:Mainline,bazel,https://build.tarsier-infra.com/package/show/openEuler:Mainline/bazel
openEuler:Mainline,bcrypt,https://build.tarsier-infra.com/package/show/openEuler:Mainline/bcrypt
openEuler:Mainline,bean-validation-api,https://build.tarsier-infra.com/package/show/openEuler:Mainline/bean-validation-api
openEuler:Mainline,beust-jcommander,https://build.tarsier-infra.com/package/show/openEuler:Mainline/beust-jcommander
openEuler:Mainline,bouncycastle,https://build.tarsier-infra.com/package/show/openEuler:Mainline/bouncycastle
openEuler:Mainline,bsf,https://build.tarsier-infra.com/package/show/openEuler:Mainline/bsf
openEuler:Mainline,bsh,https://build.tarsier-infra.com/package/show/openEuler:Mainline/bsh
openEuler:Mainline,bullet,https://build.tarsier-infra.com/package/show/openEuler:Mainline/bullet
openEuler:Mainline,byaccj,https://build.tarsier-infra.com/package/show/openEuler:Mainline/byaccj
openEuler:Mainline,bytelist,https://build.tarsier-infra.com/package/show/openEuler:Mainline/bytelist
openEuler:Mainline,byteman,https://build.tarsier-infra.com/package/show/openEuler:Mainline/byteman
openEuler:Mainline,c-blosc,https://build.tarsier-infra.com/package/show/openEuler:Mainline/c-blosc
openEuler:Mainline,c3p0,https://build.tarsier-infra.com/package/show/openEuler:Mainline/c3p0
openEuler:Mainline,ccache,https://build.tarsier-infra.com/package/show/openEuler:Mainline/ccache
openEuler:Mainline,cdi-api,https://build.tarsier-infra.com/package/show/openEuler:Mainline/cdi-api
openEuler:Mainline,chromaprint,https://build.tarsier-infra.com/package/show/openEuler:Mainline/chromaprint
openEuler:Mainline,cjkuni-uming-fonts,https://build.tarsier-infra.com/package/show/openEuler:Mainline/cjkuni-uming-fonts
openEuler:Mainline,cjson,https://build.tarsier-infra.com/package/show/openEuler:Mainline/cjson
openEuler:Mainline,classloader-leak-test-framework,https://build.tarsier-infra.com/package/show/openEuler:Mainline/classloader-leak-test-framework
openEuler:Mainline,classmate,https://build.tarsier-infra.com/package/show/openEuler:Mainline/classmate
openEuler:Mainline,codenarc,https://build.tarsier-infra.com/package/show/openEuler:Mainline/codenarc
openEuler:Mainline,colm,https://build.tarsier-infra.com/package/show/openEuler:Mainline/colm
openEuler:Mainline,console_bridge,https://build.tarsier-infra.com/package/show/openEuler:Mainline/console_bridge
openEuler:Mainline,container-selinux,https://build.tarsier-infra.com/package/show/openEuler:Mainline/container-selinux
openEuler:Mainline,coredns,https://build.tarsier-infra.com/package/show/openEuler:Mainline/coredns
openEuler:Mainline,cpp-httplib,https://build.tarsier-infra.com/package/show/openEuler:Mainline/cpp-httplib
openEuler:Mainline,dain-snappy,https://build.tarsier-infra.com/package/show/openEuler:Mainline/dain-snappy
openEuler:Mainline,dav1d,https://build.tarsier-infra.com/package/show/openEuler:Mainline/dav1d
openEuler:Mainline,dbus-cpp,https://build.tarsier-infra.com/package/show/openEuler:Mainline/dbus-cpp
openEuler:Mainline,dietlibc,https://build.tarsier-infra.com/package/show/openEuler:Mainline/dietlibc
openEuler:Mainline,discount,https://build.tarsier-infra.com/package/show/openEuler:Mainline/discount
openEuler:Mainline,dom4j,https://build.tarsier-infra.com/package/show/openEuler:Mainline/dom4j
openEuler:Mainline,dwarves,https://build.tarsier-infra.com/package/show/openEuler:Mainline/dwarves
openEuler:Mainline,easymock,https://build.tarsier-infra.com/package/show/openEuler:Mainline/easymock
openEuler:Mainline,ecj,https://build.tarsier-infra.com/package/show/openEuler:Mainline/ecj
openEuler:Mainline,eclipse,https://build.tarsier-infra.com/package/show/openEuler:Mainline/eclipse
openEuler:Mainline,eclipselink-persistence-api,https://build.tarsier-infra.com/package/show/openEuler:Mainline/eclipselink-persistence-api
openEuler:Mainline,edk2,https://build.tarsier-infra.com/package/show/openEuler:Mainline/edk2
openEuler:Mainline,efl,https://build.tarsier-infra.com/package/show/openEuler:Mainline/efl
openEuler:Mainline,ehcache-core,https://build.tarsier-infra.com/package/show/openEuler:Mainline/ehcache-core
openEuler:Mainline,ehcache-parent,https://build.tarsier-infra.com/package/show/openEuler:Mainline/ehcache-parent
openEuler:Mainline,ehcache-sizeof-agent,https://build.tarsier-infra.com/package/show/openEuler:Mainline/ehcache-sizeof-agent
openEuler:Mainline,entr,https://build.tarsier-infra.com/package/show/openEuler:Mainline/entr
openEuler:Mainline,etcd,https://build.tarsier-infra.com/package/show/openEuler:Mainline/etcd
openEuler:Mainline,exec-maven-plugin,https://build.tarsier-infra.com/package/show/openEuler:Mainline/exec-maven-plugin
openEuler:Mainline,extra166y,https://build.tarsier-infra.com/package/show/openEuler:Mainline/extra166y
openEuler:Mainline,ezmorph,https://build.tarsier-infra.com/package/show/openEuler:Mainline/ezmorph
openEuler:Mainline,f2fs-tools,https://build.tarsier-infra.com/package/show/openEuler:Mainline/f2fs-tools
openEuler:Mainline,fasterxml-oss-parent,https://build.tarsier-infra.com/package/show/openEuler:Mainline/fasterxml-oss-parent
openEuler:Mainline,fastutil,https://build.tarsier-infra.com/package/show/openEuler:Mainline/fastutil
openEuler:Mainline,felix-bundlerepository,https://build.tarsier-infra.com/package/show/openEuler:Mainline/felix-bundlerepository
openEuler:Mainline,felix-parent,https://build.tarsier-infra.com/package/show/openEuler:Mainline/felix-parent
openEuler:Mainline,felix-utils,https://build.tarsier-infra.com/package/show/openEuler:Mainline/felix-utils
openEuler:Mainline,fetchmail,https://build.tarsier-infra.com/package/show/openEuler:Mainline/fetchmail
openEuler:Mainline,ffmpeg,https://build.tarsier-infra.com/package/show/openEuler:Mainline/ffmpeg
openEuler:Mainline,figlet,https://build.tarsier-infra.com/package/show/openEuler:Mainline/figlet
openEuler:Mainline,findbugs,https://build.tarsier-infra.com/package/show/openEuler:Mainline/findbugs
openEuler:Mainline,findbugs-bcel,https://build.tarsier-infra.com/package/show/openEuler:Mainline/findbugs-bcel
openEuler:Mainline,firefox,https://build.tarsier-infra.com/package/show/openEuler:Mainline/firefox
openEuler:Mainline,flink,https://build.tarsier-infra.com/package/show/openEuler:Mainline/flink
openEuler:Mainline,fluidsynth,https://build.tarsier-infra.com/package/show/openEuler:Mainline/fluidsynth
openEuler:Mainline,foomatic,https://build.tarsier-infra.com/package/show/openEuler:Mainline/foomatic
openEuler:Mainline,fop,https://build.tarsier-infra.com/package/show/openEuler:Mainline/fop
openEuler:Mainline,fping,https://build.tarsier-infra.com/package/show/openEuler:Mainline/fping
openEuler:Mainline,freexl,https://build.tarsier-infra.com/package/show/openEuler:Mainline/freexl
openEuler:Mainline,game-music-emu,https://build.tarsier-infra.com/package/show/openEuler:Mainline/game-music-emu
openEuler:Mainline,ganglia,https://build.tarsier-infra.com/package/show/openEuler:Mainline/ganglia
openEuler:Mainline,gcc-cross,https://build.tarsier-infra.com/package/show/openEuler:Mainline/gcc-cross
openEuler:Mainline,gdbus-codegen-glibmm,https://build.tarsier-infra.com/package/show/openEuler:Mainline/gdbus-codegen-glibmm
openEuler:Mainline,gdk-pixbuf-xlib,https://build.tarsier-infra.com/package/show/openEuler:Mainline/gdk-pixbuf-xlib
openEuler:Mainline,geos,https://build.tarsier-infra.com/package/show/openEuler:Mainline/geos
openEuler:Mainline,geronimo-annotation,https://build.tarsier-infra.com/package/show/openEuler:Mainline/geronimo-annotation
openEuler:Mainline,geronimo-interceptor,https://build.tarsier-infra.com/package/show/openEuler:Mainline/geronimo-interceptor
openEuler:Mainline,geronimo-jaxrpc,https://build.tarsier-infra.com/package/show/openEuler:Mainline/geronimo-jaxrpc
openEuler:Mainline,geronimo-jms,https://build.tarsier-infra.com/package/show/openEuler:Mainline/geronimo-jms
openEuler:Mainline,geronimo-jta,https://build.tarsier-infra.com/package/show/openEuler:Mainline/geronimo-jta
openEuler:Mainline,geronimo-saaj,https://build.tarsier-infra.com/package/show/openEuler:Mainline/geronimo-saaj
openEuler:Mainline,geronimo-validation,https://build.tarsier-infra.com/package/show/openEuler:Mainline/geronimo-validation
openEuler:Mainline,glassfish-annotation-api,https://build.tarsier-infra.com/package/show/openEuler:Mainline/glassfish-annotation-api
openEuler:Mainline,glassfish-hk2,https://build.tarsier-infra.com/package/show/openEuler:Mainline/glassfish-hk2
openEuler:Mainline,glassfish-jsp-api,https://build.tarsier-infra.com/package/show/openEuler:Mainline/glassfish-jsp-api
openEuler:Mainline,glassfish-servlet-api,https://build.tarsier-infra.com/package/show/openEuler:Mainline/glassfish-servlet-api
openEuler:Mainline,gmavenplus-plugin,https://build.tarsier-infra.com/package/show/openEuler:Mainline/gmavenplus-plugin
openEuler:Mainline,gmetrics,https://build.tarsier-infra.com/package/show/openEuler:Mainline/gmetrics
openEuler:Mainline,gnu-getopt,https://build.tarsier-infra.com/package/show/openEuler:Mainline/gnu-getopt
openEuler:Mainline,google-guice,https://build.tarsier-infra.com/package/show/openEuler:Mainline/google-guice
openEuler:Mainline,google-http-java-client,https://build.tarsier-infra.com/package/show/openEuler:Mainline/google-http-java-client
openEuler:Mainline,google-oauth-java-client,https://build.tarsier-infra.com/package/show/openEuler:Mainline/google-oauth-java-client
openEuler:Mainline,google-roboto-slab-fonts,https://build.tarsier-infra.com/package/show/openEuler:Mainline/google-roboto-slab-fonts
openEuler:Mainline,gpars,https://build.tarsier-infra.com/package/show/openEuler:Mainline/gpars
openEuler:Mainline,greatsql,https://build.tarsier-infra.com/package/show/openEuler:Mainline/greatsql
openEuler:Mainline,groovy,https://build.tarsier-infra.com/package/show/openEuler:Mainline/groovy
openEuler:Mainline,groovy18,https://build.tarsier-infra.com/package/show/openEuler:Mainline/groovy18
openEuler:Mainline,gssntlmssp,https://build.tarsier-infra.com/package/show/openEuler:Mainline/gssntlmssp
openEuler:Mainline,gtk-murrine-engine,https://build.tarsier-infra.com/package/show/openEuler:Mainline/gtk-murrine-engine
openEuler:Mainline,gtkmm24,https://build.tarsier-infra.com/package/show/openEuler:Mainline/gtkmm24
openEuler:Mainline,gtksourceview4,https://build.tarsier-infra.com/package/show/openEuler:Mainline/gtksourceview4
openEuler:Mainline,gtkspell3,https://build.tarsier-infra.com/package/show/openEuler:Mainline/gtkspell3
openEuler:Mainline,gtkspellmm30,https://build.tarsier-infra.com/package/show/openEuler:Mainline/gtkspellmm30
openEuler:Mainline,guava,https://build.tarsier-infra.com/package/show/openEuler:Mainline/guava
openEuler:Mainline,guava20,https://build.tarsier-infra.com/package/show/openEuler:Mainline/guava20
openEuler:Mainline,hamcrest,https://build.tarsier-infra.com/package/show/openEuler:Mainline/hamcrest
openEuler:Mainline,hawtjni,https://build.tarsier-infra.com/package/show/openEuler:Mainline/hawtjni
openEuler:Mainline,help2man,https://build.tarsier-infra.com/package/show/openEuler:Mainline/help2man
openEuler:Mainline,hibernate,https://build.tarsier-infra.com/package/show/openEuler:Mainline/hibernate
openEuler:Mainline,hibernate-commons-annotations,https://build.tarsier-infra.com/package/show/openEuler:Mainline/hibernate-commons-annotations
openEuler:Mainline,hibernate-jpa-2.1-api,https://build.tarsier-infra.com/package/show/openEuler:Mainline/hibernate-jpa-2.1-api
openEuler:Mainline,hibernate3,https://build.tarsier-infra.com/package/show/openEuler:Mainline/hibernate3
openEuler:Mainline,hive,https://build.tarsier-infra.com/package/show/openEuler:Mainline/hive
openEuler:Mainline,hping,https://build.tarsier-infra.com/package/show/openEuler:Mainline/hping
openEuler:Mainline,http-builder,https://build.tarsier-infra.com/package/show/openEuler:Mainline/http-builder
openEuler:Mainline,http_load,https://build.tarsier-infra.com/package/show/openEuler:Mainline/http_load
openEuler:Mainline,httpcomponents-client,https://build.tarsier-infra.com/package/show/openEuler:Mainline/httpcomponents-client
openEuler:Mainline,httpcomponents-core,https://build.tarsier-infra.com/package/show/openEuler:Mainline/httpcomponents-core
openEuler:Mainline,hunspell-mn,https://build.tarsier-infra.com/package/show/openEuler:Mainline/hunspell-mn
openEuler:Mainline,hyperscan,https://build.tarsier-infra.com/package/show/openEuler:Mainline/hyperscan
openEuler:Mainline,infinispan,https://build.tarsier-infra.com/package/show/openEuler:Mainline/infinispan
openEuler:Mainline,ipwatchd,https://build.tarsier-infra.com/package/show/openEuler:Mainline/ipwatchd
openEuler:Mainline,isl,https://build.tarsier-infra.com/package/show/openEuler:Mainline/isl
openEuler:Mainline,isula-transform,https://build.tarsier-infra.com/package/show/openEuler:Mainline/isula-transform
openEuler:Mainline,jFormatString,https://build.tarsier-infra.com/package/show/openEuler:Mainline/jFormatString
openEuler:Mainline,jackson,https://build.tarsier-infra.com/package/show/openEuler:Mainline/jackson
openEuler:Mainline,jackson-dataformats-binary,https://build.tarsier-infra.com/package/show/openEuler:Mainline/jackson-dataformats-binary
openEuler:Mainline,jackson-parent,https://build.tarsier-infra.com/package/show/openEuler:Mainline/jackson-parent
openEuler:Mainline,jaf,https://build.tarsier-infra.com/package/show/openEuler:Mainline/jaf
openEuler:Mainline,jakarta-commons-httpclient,https://build.tarsier-infra.com/package/show/openEuler:Mainline/jakarta-commons-httpclient
openEuler:Mainline,jakarta-oro,https://build.tarsier-infra.com/package/show/openEuler:Mainline/jakarta-oro
openEuler:Mainline,jakarta-servlet,https://build.tarsier-infra.com/package/show/openEuler:Mainline/jakarta-servlet
openEuler:Mainline,jandex,https://build.tarsier-infra.com/package/show/openEuler:Mainline/jandex
openEuler:Mainline,janino,https://build.tarsier-infra.com/package/show/openEuler:Mainline/janino
openEuler:Mainline,jansi,https://build.tarsier-infra.com/package/show/openEuler:Mainline/jansi
openEuler:Mainline,jansi-native,https://build.tarsier-infra.com/package/show/openEuler:Mainline/jansi-native
openEuler:Mainline,jarjar,https://build.tarsier-infra.com/package/show/openEuler:Mainline/jarjar
openEuler:Mainline,jatl,https://build.tarsier-infra.com/package/show/openEuler:Mainline/jatl
openEuler:Mainline,java-base64,https://build.tarsier-infra.com/package/show/openEuler:Mainline/java-base64
openEuler:Mainline,java-uuid-generator,https://build.tarsier-infra.com/package/show/openEuler:Mainline/java-uuid-generator
openEuler:Mainline,java_cup,https://build.tarsier-infra.com/package/show/openEuler:Mainline/java_cup
openEuler:Mainline,javacc,https://build.tarsier-infra.com/package/show/openEuler:Mainline/javacc
openEuler:Mainline,javacc-maven-plugin,https://build.tarsier-infra.com/package/show/openEuler:Mainline/javacc-maven-plugin
openEuler:Mainline,javaewah,https://build.tarsier-infra.com/package/show/openEuler:Mainline/javaewah
openEuler:Mainline,javamail,https://build.tarsier-infra.com/package/show/openEuler:Mainline/javamail
openEuler:Mainline,javassist,https://build.tarsier-infra.com/package/show/openEuler:Mainline/javassist
openEuler:Mainline,jaxen,https://build.tarsier-infra.com/package/show/openEuler:Mainline/jaxen
openEuler:Mainline,jboss-interceptors-1.2-api,https://build.tarsier-infra.com/package/show/openEuler:Mainline/jboss-interceptors-1.2-api
openEuler:Mainline,jboss-jacc-1.4-api,https://build.tarsier-infra.com/package/show/openEuler:Mainline/jboss-jacc-1.4-api
openEuler:Mainline,jboss-jsp-2.2-api,https://build.tarsier-infra.com/package/show/openEuler:Mainline/jboss-jsp-2.2-api
openEuler:Mainline,jboss-logging,https://build.tarsier-infra.com/package/show/openEuler:Mainline/jboss-logging
openEuler:Mainline,jboss-logging-tools,https://build.tarsier-infra.com/package/show/openEuler:Mainline/jboss-logging-tools
openEuler:Mainline,jboss-marshalling,https://build.tarsier-infra.com/package/show/openEuler:Mainline/jboss-marshalling
openEuler:Mainline,jboss-remoting-jmx,https://build.tarsier-infra.com/package/show/openEuler:Mainline/jboss-remoting-jmx
openEuler:Mainline,jboss-sasl,https://build.tarsier-infra.com/package/show/openEuler:Mainline/jboss-sasl
openEuler:Mainline,jboss-servlet-3.0-api,https://build.tarsier-infra.com/package/show/openEuler:Mainline/jboss-servlet-3.0-api
openEuler:Mainline,jcifs,https://build.tarsier-infra.com/package/show/openEuler:Mainline/jcifs
openEuler:Mainline,jcip-annotations,https://build.tarsier-infra.com/package/show/openEuler:Mainline/jcip-annotations
openEuler:Mainline,jcodings,https://build.tarsier-infra.com/package/show/openEuler:Mainline/jcodings
openEuler:Mainline,jcsp,https://build.tarsier-infra.com/package/show/openEuler:Mainline/jcsp
openEuler:Mainline,jdeparser2,https://build.tarsier-infra.com/package/show/openEuler:Mainline/jdeparser2
openEuler:Mainline,jdependency,https://build.tarsier-infra.com/package/show/openEuler:Mainline/jdependency
openEuler:Mainline,jdo2-api,https://build.tarsier-infra.com/package/show/openEuler:Mainline/jdo2-api
openEuler:Mainline,jdom2,https://build.tarsier-infra.com/package/show/openEuler:Mainline/jdom2
openEuler:Mainline,jetty-schemas,https://build.tarsier-infra.com/package/show/openEuler:Mainline/jetty-schemas
openEuler:Mainline,jetty-test-policy,https://build.tarsier-infra.com/package/show/openEuler:Mainline/jetty-test-policy
openEuler:Mainline,jflex,https://build.tarsier-infra.com/package/show/openEuler:Mainline/jflex
openEuler:Mainline,jgroups,https://build.tarsier-infra.com/package/show/openEuler:Mainline/jgroups
openEuler:Mainline,jitterentropy-library,https://build.tarsier-infra.com/package/show/openEuler:Mainline/jitterentropy-library
openEuler:Mainline,jline,https://build.tarsier-infra.com/package/show/openEuler:Mainline/jline
openEuler:Mainline,jna,https://build.tarsier-infra.com/package/show/openEuler:Mainline/jna
openEuler:Mainline,joda-time,https://build.tarsier-infra.com/package/show/openEuler:Mainline/joda-time
openEuler:Mainline,jomolhari-fonts,https://build.tarsier-infra.com/package/show/openEuler:Mainline/jomolhari-fonts
openEuler:Mainline,jsch,https://build.tarsier-infra.com/package/show/openEuler:Mainline/jsch
openEuler:Mainline,jsch-agent-proxy,https://build.tarsier-infra.com/package/show/openEuler:Mainline/jsch-agent-proxy
openEuler:Mainline,json-lib,https://build.tarsier-infra.com/package/show/openEuler:Mainline/json-lib
openEuler:Mainline,jsoup,https://build.tarsier-infra.com/package/show/openEuler:Mainline/jsoup
openEuler:Mainline,jsr-305,https://build.tarsier-infra.com/package/show/openEuler:Mainline/jsr-305
openEuler:Mainline,jsr-311,https://build.tarsier-infra.com/package/show/openEuler:Mainline/jsr-311
openEuler:Mainline,jvnet-parent,https://build.tarsier-infra.com/package/show/openEuler:Mainline/jvnet-parent
openEuler:Mainline,jzlib,https://build.tarsier-infra.com/package/show/openEuler:Mainline/jzlib
openEuler:Mainline,kde-filesystem,https://build.tarsier-infra.com/package/show/openEuler:Mainline/kde-filesystem
openEuler:Mainline,khmeros-fonts,https://build.tarsier-infra.com/package/show/openEuler:Mainline/khmeros-fonts
openEuler:Mainline,kryo,https://build.tarsier-infra.com/package/show/openEuler:Mainline/kryo
openEuler:Mainline,kubernetes,https://build.tarsier-infra.com/package/show/openEuler:Mainline/kubernetes
openEuler:Mainline,kxml,https://build.tarsier-infra.com/package/show/openEuler:Mainline/kxml
openEuler:Mainline,kyotocabinet,https://build.tarsier-infra.com/package/show/openEuler:Mainline/kyotocabinet
openEuler:Mainline,lato-fonts,https://build.tarsier-infra.com/package/show/openEuler:Mainline/lato-fonts
openEuler:Mainline,lensfun,https://build.tarsier-infra.com/package/show/openEuler:Mainline/lensfun
openEuler:Mainline,leveldbjni,https://build.tarsier-infra.com/package/show/openEuler:Mainline/leveldbjni
openEuler:Mainline,libEMF,https://build.tarsier-infra.com/package/show/openEuler:Mainline/libEMF
openEuler:Mainline,libIDL,https://build.tarsier-infra.com/package/show/openEuler:Mainline/libIDL
openEuler:Mainline,libappindicator,https://build.tarsier-infra.com/package/show/openEuler:Mainline/libappindicator
openEuler:Mainline,libass,https://build.tarsier-infra.com/package/show/openEuler:Mainline/libass
openEuler:Mainline,libbs2b,https://build.tarsier-infra.com/package/show/openEuler:Mainline/libbs2b
openEuler:Mainline,libburn1,https://build.tarsier-infra.com/package/show/openEuler:Mainline/libburn1
openEuler:Mainline,libcue,https://build.tarsier-infra.com/package/show/openEuler:Mainline/libcue
openEuler:Mainline,libdap,https://build.tarsier-infra.com/package/show/openEuler:Mainline/libdap
openEuler:Mainline,libffado,https://build.tarsier-infra.com/package/show/openEuler:Mainline/libffado
openEuler:Mainline,libgeotiff,https://build.tarsier-infra.com/package/show/openEuler:Mainline/libgeotiff
openEuler:Mainline,libglade2,https://build.tarsier-infra.com/package/show/openEuler:Mainline/libglade2
openEuler:Mainline,libgta,https://build.tarsier-infra.com/package/show/openEuler:Mainline/libgta
openEuler:Mainline,libgxim,https://build.tarsier-infra.com/package/show/openEuler:Mainline/libgxim
openEuler:Mainline,libisal,https://build.tarsier-infra.com/package/show/openEuler:Mainline/libisal
openEuler:Mainline,libldm,https://build.tarsier-infra.com/package/show/openEuler:Mainline/libldm
openEuler:Mainline,libmemcached,https://build.tarsier-infra.com/package/show/openEuler:Mainline/libmemcached
openEuler:Mainline,libopenraw,https://build.tarsier-infra.com/package/show/openEuler:Mainline/libopenraw
openEuler:Mainline,libotf,https://build.tarsier-infra.com/package/show/openEuler:Mainline/libotf
openEuler:Mainline,libpq,https://build.tarsier-infra.com/package/show/openEuler:Mainline/libpq
openEuler:Mainline,librevenge,https://build.tarsier-infra.com/package/show/openEuler:Mainline/librevenge
openEuler:Mainline,libsmi,https://build.tarsier-infra.com/package/show/openEuler:Mainline/libsmi
openEuler:Mainline,libspatialite,https://build.tarsier-infra.com/package/show/openEuler:Mainline/libspatialite
openEuler:Mainline,libtcnative,https://build.tarsier-infra.com/package/show/openEuler:Mainline/libtcnative
openEuler:Mainline,libtpms,https://build.tarsier-infra.com/package/show/openEuler:Mainline/libtpms
openEuler:Mainline,libtraceevent,https://build.tarsier-infra.com/package/show/openEuler:Mainline/libtraceevent
openEuler:Mainline,libuninameslist,https://build.tarsier-infra.com/package/show/openEuler:Mainline/libuninameslist
openEuler:Mainline,libvirt,https://build.tarsier-infra.com/package/show/openEuler:Mainline/libvirt
openEuler:Mainline,libvirt-python,https://build.tarsier-infra.com/package/show/openEuler:Mainline/libvirt-python
openEuler:Mainline,libwnck,https://build.tarsier-infra.com/package/show/openEuler:Mainline/libwnck
openEuler:Mainline,libwpd,https://build.tarsier-infra.com/package/show/openEuler:Mainline/libwpd
openEuler:Mainline,libwpg,https://build.tarsier-infra.com/package/show/openEuler:Mainline/libwpg
openEuler:Mainline,libxmlpp,https://build.tarsier-infra.com/package/show/openEuler:Mainline/libxmlpp
openEuler:Mainline,libyubikey,https://build.tarsier-infra.com/package/show/openEuler:Mainline/libyubikey
openEuler:Mainline,llvm-bolt,https://build.tarsier-infra.com/package/show/openEuler:Mainline/llvm-bolt
openEuler:Mainline,lmbench,https://build.tarsier-infra.com/package/show/openEuler:Mainline/lmbench
openEuler:Mainline,log4cplus,https://build.tarsier-infra.com/package/show/openEuler:Mainline/log4cplus
openEuler:Mainline,log4j12,https://build.tarsier-infra.com/package/show/openEuler:Mainline/log4j12
openEuler:Mainline,logback,https://build.tarsier-infra.com/package/show/openEuler:Mainline/logback
openEuler:Mainline,lohit-assamese-fonts,https://build.tarsier-infra.com/package/show/openEuler:Mainline/lohit-assamese-fonts
openEuler:Mainline,lohit-bengali-fonts,https://build.tarsier-infra.com/package/show/openEuler:Mainline/lohit-bengali-fonts
openEuler:Mainline,lohit-devanagari-fonts,https://build.tarsier-infra.com/package/show/openEuler:Mainline/lohit-devanagari-fonts
openEuler:Mainline,lohit-gujarati-fonts,https://build.tarsier-infra.com/package/show/openEuler:Mainline/lohit-gujarati-fonts
openEuler:Mainline,lohit-gurmukhi-fonts,https://build.tarsier-infra.com/package/show/openEuler:Mainline/lohit-gurmukhi-fonts
openEuler:Mainline,lohit-kannada-fonts,https://build.tarsier-infra.com/package/show/openEuler:Mainline/lohit-kannada-fonts
openEuler:Mainline,lohit-malayalam-fonts,https://build.tarsier-infra.com/package/show/openEuler:Mainline/lohit-malayalam-fonts
openEuler:Mainline,lohit-marathi-fonts,https://build.tarsier-infra.com/package/show/openEuler:Mainline/lohit-marathi-fonts
openEuler:Mainline,lohit-nepali-fonts,https://build.tarsier-infra.com/package/show/openEuler:Mainline/lohit-nepali-fonts
openEuler:Mainline,lohit-odia-fonts,https://build.tarsier-infra.com/package/show/openEuler:Mainline/lohit-odia-fonts
openEuler:Mainline,lohit-tamil-fonts,https://build.tarsier-infra.com/package/show/openEuler:Mainline/lohit-tamil-fonts
openEuler:Mainline,lohit-telugu-fonts,https://build.tarsier-infra.com/package/show/openEuler:Mainline/lohit-telugu-fonts
openEuler:Mainline,low-memory-monitor,https://build.tarsier-infra.com/package/show/openEuler:Mainline/low-memory-monitor
openEuler:Mainline,lucene,https://build.tarsier-infra.com/package/show/openEuler:Mainline/lucene
openEuler:Mainline,lunar-date,https://build.tarsier-infra.com/package/show/openEuler:Mainline/lunar-date
openEuler:Mainline,lxcfs,https://build.tarsier-infra.com/package/show/openEuler:Mainline/lxcfs
openEuler:Mainline,maven-antrun-plugin,https://build.tarsier-infra.com/package/show/openEuler:Mainline/maven-antrun-plugin
openEuler:Mainline,maven-archiver,https://build.tarsier-infra.com/package/show/openEuler:Mainline/maven-archiver
openEuler:Mainline,maven-artifact-resolver,https://build.tarsier-infra.com/package/show/openEuler:Mainline/maven-artifact-resolver
openEuler:Mainline,maven-artifact-transfer,https://build.tarsier-infra.com/package/show/openEuler:Mainline/maven-artifact-transfer
openEuler:Mainline,maven-assembly-plugin,https://build.tarsier-infra.com/package/show/openEuler:Mainline/maven-assembly-plugin
openEuler:Mainline,maven-clean-plugin,https://build.tarsier-infra.com/package/show/openEuler:Mainline/maven-clean-plugin
openEuler:Mainline,maven-common-artifact-filters,https://build.tarsier-infra.com/package/show/openEuler:Mainline/maven-common-artifact-filters
openEuler:Mainline,maven-compiler-plugin,https://build.tarsier-infra.com/package/show/openEuler:Mainline/maven-compiler-plugin
openEuler:Mainline,maven-dependency-analyzer,https://build.tarsier-infra.com/package/show/openEuler:Mainline/maven-dependency-analyzer
openEuler:Mainline,maven-dependency-plugin,https://build.tarsier-infra.com/package/show/openEuler:Mainline/maven-dependency-plugin
openEuler:Mainline,maven-dependency-tree,https://build.tarsier-infra.com/package/show/openEuler:Mainline/maven-dependency-tree
openEuler:Mainline,maven-doxia,https://build.tarsier-infra.com/package/show/openEuler:Mainline/maven-doxia
openEuler:Mainline,maven-doxia-sitetools,https://build.tarsier-infra.com/package/show/openEuler:Mainline/maven-doxia-sitetools
openEuler:Mainline,maven-enforcer,https://build.tarsier-infra.com/package/show/openEuler:Mainline/maven-enforcer
openEuler:Mainline,maven-file-management,https://build.tarsier-infra.com/package/show/openEuler:Mainline/maven-file-management
openEuler:Mainline,maven-filtering,https://build.tarsier-infra.com/package/show/openEuler:Mainline/maven-filtering
openEuler:Mainline,maven-install-plugin,https://build.tarsier-infra.com/package/show/openEuler:Mainline/maven-install-plugin
openEuler:Mainline,maven-invoker,https://build.tarsier-infra.com/package/show/openEuler:Mainline/maven-invoker
openEuler:Mainline,maven-invoker-plugin,https://build.tarsier-infra.com/package/show/openEuler:Mainline/maven-invoker-plugin
openEuler:Mainline,maven-jar-plugin,https://build.tarsier-infra.com/package/show/openEuler:Mainline/maven-jar-plugin
openEuler:Mainline,maven-javadoc-plugin,https://build.tarsier-infra.com/package/show/openEuler:Mainline/maven-javadoc-plugin
openEuler:Mainline,maven-parent,https://build.tarsier-infra.com/package/show/openEuler:Mainline/maven-parent
openEuler:Mainline,maven-plugin-build-helper,https://build.tarsier-infra.com/package/show/openEuler:Mainline/maven-plugin-build-helper
openEuler:Mainline,maven-plugin-bundle,https://build.tarsier-infra.com/package/show/openEuler:Mainline/maven-plugin-bundle
openEuler:Mainline,maven-plugin-testing,https://build.tarsier-infra.com/package/show/openEuler:Mainline/maven-plugin-testing
openEuler:Mainline,maven-plugin-tools,https://build.tarsier-infra.com/package/show/openEuler:Mainline/maven-plugin-tools
openEuler:Mainline,maven-plugins-pom,https://build.tarsier-infra.com/package/show/openEuler:Mainline/maven-plugins-pom
openEuler:Mainline,maven-remote-resources-plugin,https://build.tarsier-infra.com/package/show/openEuler:Mainline/maven-remote-resources-plugin
openEuler:Mainline,maven-reporting-api,https://build.tarsier-infra.com/package/show/openEuler:Mainline/maven-reporting-api
openEuler:Mainline,maven-reporting-impl,https://build.tarsier-infra.com/package/show/openEuler:Mainline/maven-reporting-impl
openEuler:Mainline,maven-resolver,https://build.tarsier-infra.com/package/show/openEuler:Mainline/maven-resolver
openEuler:Mainline,maven-resources-plugin,https://build.tarsier-infra.com/package/show/openEuler:Mainline/maven-resources-plugin
openEuler:Mainline,maven-scm,https://build.tarsier-infra.com/package/show/openEuler:Mainline/maven-scm
openEuler:Mainline,maven-script-interpreter,https://build.tarsier-infra.com/package/show/openEuler:Mainline/maven-script-interpreter
openEuler:Mainline,maven-shade-plugin,https://build.tarsier-infra.com/package/show/openEuler:Mainline/maven-shade-plugin
openEuler:Mainline,maven-shared-incremental,https://build.tarsier-infra.com/package/show/openEuler:Mainline/maven-shared-incremental
openEuler:Mainline,maven-shared-io,https://build.tarsier-infra.com/package/show/openEuler:Mainline/maven-shared-io
openEuler:Mainline,maven-shared-utils,https://build.tarsier-infra.com/package/show/openEuler:Mainline/maven-shared-utils
openEuler:Mainline,maven-source-plugin,https://build.tarsier-infra.com/package/show/openEuler:Mainline/maven-source-plugin
openEuler:Mainline,maven-verifier,https://build.tarsier-infra.com/package/show/openEuler:Mainline/maven-verifier
openEuler:Mainline,maven-wagon,https://build.tarsier-infra.com/package/show/openEuler:Mainline/maven-wagon
openEuler:Mainline,maven2,https://build.tarsier-infra.com/package/show/openEuler:Mainline/maven2
openEuler:Mainline,mchange-commons,https://build.tarsier-infra.com/package/show/openEuler:Mainline/mchange-commons
openEuler:Mainline,memtester,https://build.tarsier-infra.com/package/show/openEuler:Mainline/memtester
openEuler:Mainline,metis,https://build.tarsier-infra.com/package/show/openEuler:Mainline/metis
openEuler:Mainline,miniasm,https://build.tarsier-infra.com/package/show/openEuler:Mainline/miniasm
openEuler:Mainline,minlog,https://build.tarsier-infra.com/package/show/openEuler:Mainline/minlog
openEuler:Mainline,mock,https://build.tarsier-infra.com/package/show/openEuler:Mainline/mock
openEuler:Mainline,modello,https://build.tarsier-infra.com/package/show/openEuler:Mainline/modello
openEuler:Mainline,mojo-parent,https://build.tarsier-infra.com/package/show/openEuler:Mainline/mojo-parent
openEuler:Mainline,mozjs78,https://build.tarsier-infra.com/package/show/openEuler:Mainline/mozjs78
openEuler:Mainline,msv,https://build.tarsier-infra.com/package/show/openEuler:Mainline/msv
openEuler:Mainline,multiverse,https://build.tarsier-infra.com/package/show/openEuler:Mainline/multiverse
openEuler:Mainline,musl,https://build.tarsier-infra.com/package/show/openEuler:Mainline/musl
openEuler:Mainline,mxparser,https://build.tarsier-infra.com/package/show/openEuler:Mainline/mxparser
openEuler:Mainline,mybatis-parent,https://build.tarsier-infra.com/package/show/openEuler:Mainline/mybatis-parent
openEuler:Mainline,mysql-selinux,https://build.tarsier-infra.com/package/show/openEuler:Mainline/mysql-selinux
openEuler:Mainline,narayana,https://build.tarsier-infra.com/package/show/openEuler:Mainline/narayana
openEuler:Mainline,native-platform,https://build.tarsier-infra.com/package/show/openEuler:Mainline/native-platform
openEuler:Mainline,nekohtml,https://build.tarsier-infra.com/package/show/openEuler:Mainline/nekohtml
openEuler:Mainline,netty3,https://build.tarsier-infra.com/package/show/openEuler:Mainline/netty3
openEuler:Mainline,newlib,https://build.tarsier-infra.com/package/show/openEuler:Mainline/newlib
openEuler:Mainline,nodejs-asn1,https://build.tarsier-infra.com/package/show/openEuler:Mainline/nodejs-asn1
openEuler:Mainline,nodejs-combined-stream,https://build.tarsier-infra.com/package/show/openEuler:Mainline/nodejs-combined-stream
openEuler:Mainline,nodejs-debug,https://build.tarsier-infra.com/package/show/openEuler:Mainline/nodejs-debug
openEuler:Mainline,nodejs-define-properties,https://build.tarsier-infra.com/package/show/openEuler:Mainline/nodejs-define-properties
openEuler:Mainline,nodejs-packaging,https://build.tarsier-infra.com/package/show/openEuler:Mainline/nodejs-packaging
openEuler:Mainline,nodejsporter,https://build.tarsier-infra.com/package/show/openEuler:Mainline/nodejsporter
openEuler:Mainline,ntfs-3g,https://build.tarsier-infra.com/package/show/openEuler:Mainline/ntfs-3g
openEuler:Mainline,nvme-snsd,https://build.tarsier-infra.com/package/show/openEuler:Mainline/nvme-snsd
openEuler:Mainline,nvwa,https://build.tarsier-infra.com/package/show/openEuler:Mainline/nvwa
openEuler:Mainline,objectweb-asm,https://build.tarsier-infra.com/package/show/openEuler:Mainline/objectweb-asm
openEuler:Mainline,objectweb-asm3,https://build.tarsier-infra.com/package/show/openEuler:Mainline/objectweb-asm3
openEuler:Mainline,objectweb-pom,https://build.tarsier-infra.com/package/show/openEuler:Mainline/objectweb-pom
openEuler:Mainline,objenesis,https://build.tarsier-infra.com/package/show/openEuler:Mainline/objenesis
openEuler:Mainline,ocaml-calendar,https://build.tarsier-infra.com/package/show/openEuler:Mainline/ocaml-calendar
openEuler:Mainline,ocaml-camlp4,https://build.tarsier-infra.com/package/show/openEuler:Mainline/ocaml-camlp4
openEuler:Mainline,ocaml-csv,https://build.tarsier-infra.com/package/show/openEuler:Mainline/ocaml-csv
openEuler:Mainline,ocaml-curses,https://build.tarsier-infra.com/package/show/openEuler:Mainline/ocaml-curses
openEuler:Mainline,ocaml-extlib,https://build.tarsier-infra.com/package/show/openEuler:Mainline/ocaml-extlib
openEuler:Mainline,ocaml-fileutils,https://build.tarsier-infra.com/package/show/openEuler:Mainline/ocaml-fileutils
openEuler:Mainline,ocaml-findlib,https://build.tarsier-infra.com/package/show/openEuler:Mainline/ocaml-findlib
openEuler:Mainline,ocaml-gettext,https://build.tarsier-infra.com/package/show/openEuler:Mainline/ocaml-gettext
openEuler:Mainline,ocaml-libvirt,https://build.tarsier-infra.com/package/show/openEuler:Mainline/ocaml-libvirt
openEuler:Mainline,ocaml-ounit,https://build.tarsier-infra.com/package/show/openEuler:Mainline/ocaml-ounit
openEuler:Mainline,ocaml-xml-light,https://build.tarsier-infra.com/package/show/openEuler:Mainline/ocaml-xml-light
openEuler:Mainline,oec-hardware,https://build.tarsier-infra.com/package/show/openEuler:Mainline/oec-hardware
openEuler:Mainline,ogdi,https://build.tarsier-infra.com/package/show/openEuler:Mainline/ogdi
openEuler:Mainline,ongres-scram,https://build.tarsier-infra.com/package/show/openEuler:Mainline/ongres-scram
openEuler:Mainline,ongres-stringprep,https://build.tarsier-infra.com/package/show/openEuler:Mainline/ongres-stringprep
openEuler:Mainline,openEuler-latest-release,https://build.tarsier-infra.com/package/show/openEuler:Mainline/openEuler-latest-release
openEuler:Mainline,openEuler-lsb,https://build.tarsier-infra.com/package/show/openEuler:Mainline/openEuler-lsb
openEuler:Mainline,openEuler-rpm-config,https://build.tarsier-infra.com/package/show/openEuler:Mainline/openEuler-rpm-config
openEuler:Mainline,opencl-clhpp,https://build.tarsier-infra.com/package/show/openEuler:Mainline/opencl-clhpp
openEuler:Mainline,opencore-amr,https://build.tarsier-infra.com/package/show/openEuler:Mainline/opencore-amr
openEuler:Mainline,opengauss-server,https://build.tarsier-infra.com/package/show/openEuler:Mainline/opengauss-server
openEuler:Mainline,openjdk-1.8.0,https://build.tarsier-infra.com/package/show/openEuler:Mainline/openjdk-1.8.0
openEuler:Mainline,openmpi,https://build.tarsier-infra.com/package/show/openEuler:Mainline/openmpi
openEuler:Mainline,openpgm,https://build.tarsier-infra.com/package/show/openEuler:Mainline/openpgm
openEuler:Mainline,openssl_tpm2_engine,https://build.tarsier-infra.com/package/show/openEuler:Mainline/openssl_tpm2_engine
openEuler:Mainline,opentest4j,https://build.tarsier-infra.com/package/show/openEuler:Mainline/opentest4j
openEuler:Mainline,optipng,https://build.tarsier-infra.com/package/show/openEuler:Mainline/optipng
openEuler:Mainline,pam_wrapper,https://build.tarsier-infra.com/package/show/openEuler:Mainline/pam_wrapper
openEuler:Mainline,paratype-pt-sans-fonts,https://build.tarsier-infra.com/package/show/openEuler:Mainline/paratype-pt-sans-fonts
openEuler:Mainline,parboiled,https://build.tarsier-infra.com/package/show/openEuler:Mainline/parboiled
openEuler:Mainline,patch-tracking,https://build.tarsier-infra.com/package/show/openEuler:Mainline/patch-tracking
openEuler:Mainline,pbzip2,https://build.tarsier-infra.com/package/show/openEuler:Mainline/pbzip2
openEuler:Mainline,pdfbox,https://build.tarsier-infra.com/package/show/openEuler:Mainline/pdfbox
openEuler:Mainline,pegdown,https://build.tarsier-infra.com/package/show/openEuler:Mainline/pegdown
openEuler:Mainline,perl-Alien-Build,https://build.tarsier-infra.com/package/show/openEuler:Mainline/perl-Alien-Build
openEuler:Mainline,perl-Alien-Libxml2,https://build.tarsier-infra.com/package/show/openEuler:Mainline/perl-Alien-Libxml2
openEuler:Mainline,perl-B-Keywords,https://build.tarsier-infra.com/package/show/openEuler:Mainline/perl-B-Keywords
openEuler:Mainline,perl-CPAN-Changes,https://build.tarsier-infra.com/package/show/openEuler:Mainline/perl-CPAN-Changes
openEuler:Mainline,perl-CPAN-DistnameInfo,https://build.tarsier-infra.com/package/show/openEuler:Mainline/perl-CPAN-DistnameInfo
openEuler:Mainline,perl-Class-Tiny,https://build.tarsier-infra.com/package/show/openEuler:Mainline/perl-Class-Tiny
openEuler:Mainline,perl-Compress-Raw-Zlib,https://build.tarsier-infra.com/package/show/openEuler:Mainline/perl-Compress-Raw-Zlib
openEuler:Mainline,perl-Convert-ASN1,https://build.tarsier-infra.com/package/show/openEuler:Mainline/perl-Convert-ASN1
openEuler:Mainline,perl-Crypt-CBC,https://build.tarsier-infra.com/package/show/openEuler:Mainline/perl-Crypt-CBC
openEuler:Mainline,perl-Crypt-OpenSSL-Guess,https://build.tarsier-infra.com/package/show/openEuler:Mainline/perl-Crypt-OpenSSL-Guess
openEuler:Mainline,perl-Crypt-X509,https://build.tarsier-infra.com/package/show/openEuler:Mainline/perl-Crypt-X509
openEuler:Mainline,perl-DB_File,https://build.tarsier-infra.com/package/show/openEuler:Mainline/perl-DB_File
openEuler:Mainline,perl-Encode-IMAPUTF7,https://build.tarsier-infra.com/package/show/openEuler:Mainline/perl-Encode-IMAPUTF7
openEuler:Mainline,perl-Expect,https://build.tarsier-infra.com/package/show/openEuler:Mainline/perl-Expect
openEuler:Mainline,perl-ExtUtils-Depends,https://build.tarsier-infra.com/package/show/openEuler:Mainline/perl-ExtUtils-Depends
openEuler:Mainline,perl-ExtUtils-PkgConfig,https://build.tarsier-infra.com/package/show/openEuler:Mainline/perl-ExtUtils-PkgConfig
openEuler:Mainline,perl-FFI-CheckLib,https://build.tarsier-infra.com/package/show/openEuler:Mainline/perl-FFI-CheckLib
openEuler:Mainline,perl-File-Find-Rule,https://build.tarsier-infra.com/package/show/openEuler:Mainline/perl-File-Find-Rule
openEuler:Mainline,perl-File-Find-Rule-Perl,https://build.tarsier-infra.com/package/show/openEuler:Mainline/perl-File-Find-Rule-Perl
openEuler:Mainline,perl-IO-Tty,https://build.tarsier-infra.com/package/show/openEuler:Mainline/perl-IO-Tty
openEuler:Mainline,perl-Importer,https://build.tarsier-infra.com/package/show/openEuler:Mainline/perl-Importer
openEuler:Mainline,perl-Mail-AuthenticationResults,https://build.tarsier-infra.com/package/show/openEuler:Mainline/perl-Mail-AuthenticationResults
openEuler:Mainline,perl-Mail-SPF,https://build.tarsier-infra.com/package/show/openEuler:Mainline/perl-Mail-SPF
openEuler:Mainline,perl-Module-CPANfile,https://build.tarsier-infra.com/package/show/openEuler:Mainline/perl-Module-CPANfile
openEuler:Mainline,perl-Mojolicious,https://build.tarsier-infra.com/package/show/openEuler:Mainline/perl-Mojolicious
openEuler:Mainline,perl-Net-DNS-Resolver-Mock,https://build.tarsier-infra.com/package/show/openEuler:Mainline/perl-Net-DNS-Resolver-Mock
openEuler:Mainline,perl-Net-DNS-Resolver-Programmable,https://build.tarsier-infra.com/package/show/openEuler:Mainline/perl-Net-DNS-Resolver-Programmable
openEuler:Mainline,perl-Net-DNS-SEC,https://build.tarsier-infra.com/package/show/openEuler:Mainline/perl-Net-DNS-SEC
openEuler:Mainline,perl-Net-IP,https://build.tarsier-infra.com/package/show/openEuler:Mainline/perl-Net-IP
openEuler:Mainline,perl-Net-LibIDN2,https://build.tarsier-infra.com/package/show/openEuler:Mainline/perl-Net-LibIDN2
openEuler:Mainline,perl-Number-Compare,https://build.tarsier-infra.com/package/show/openEuler:Mainline/perl-Number-Compare
openEuler:Mainline,perl-Object-HashBase,https://build.tarsier-infra.com/package/show/openEuler:Mainline/perl-Object-HashBase
openEuler:Mainline,perl-PSGI,https://build.tarsier-infra.com/package/show/openEuler:Mainline/perl-PSGI
openEuler:Mainline,perl-Parallel-ForkManager,https://build.tarsier-infra.com/package/show/openEuler:Mainline/perl-Parallel-ForkManager
openEuler:Mainline,perl-PkgConfig-LibPkgConf,https://build.tarsier-infra.com/package/show/openEuler:Mainline/perl-PkgConfig-LibPkgConf
openEuler:Mainline,perl-Regexp-Common,https://build.tarsier-infra.com/package/show/openEuler:Mainline/perl-Regexp-Common
openEuler:Mainline,perl-SGMLSpm,https://build.tarsier-infra.com/package/show/openEuler:Mainline/perl-SGMLSpm
openEuler:Mainline,perl-Scope-Guard,https://build.tarsier-infra.com/package/show/openEuler:Mainline/perl-Scope-Guard
openEuler:Mainline,perl-Struct-Dumb,https://build.tarsier-infra.com/package/show/openEuler:Mainline/perl-Struct-Dumb
openEuler:Mainline,perl-Sub-Info,https://build.tarsier-infra.com/package/show/openEuler:Mainline/perl-Sub-Info
openEuler:Mainline,perl-Sub-Uplevel,https://build.tarsier-infra.com/package/show/openEuler:Mainline/perl-Sub-Uplevel
openEuler:Mainline,perl-Term-Table,https://build.tarsier-infra.com/package/show/openEuler:Mainline/perl-Term-Table
openEuler:Mainline,perl-Test-Exception,https://build.tarsier-infra.com/package/show/openEuler:Mainline/perl-Test-Exception
openEuler:Mainline,perl-Test-Inter,https://build.tarsier-infra.com/package/show/openEuler:Mainline/perl-Test-Inter
openEuler:Mainline,perl-Test-Regexp,https://build.tarsier-infra.com/package/show/openEuler:Mainline/perl-Test-Regexp
openEuler:Mainline,perl-Test-Warn,https://build.tarsier-infra.com/package/show/openEuler:Mainline/perl-Test-Warn
openEuler:Mainline,perl-Test2-Suite,https://build.tarsier-infra.com/package/show/openEuler:Mainline/perl-Test2-Suite
openEuler:Mainline,perl-Text-Tabs-Wrap,https://build.tarsier-infra.com/package/show/openEuler:Mainline/perl-Text-Tabs-Wrap
openEuler:Mainline,perl-Tie-IxHash,https://build.tarsier-infra.com/package/show/openEuler:Mainline/perl-Tie-IxHash
openEuler:Mainline,pkgship,https://build.tarsier-infra.com/package/show/openEuler:Mainline/pkgship
openEuler:Mainline,plexus-ant-factory,https://build.tarsier-infra.com/package/show/openEuler:Mainline/plexus-ant-factory
openEuler:Mainline,plexus-archiver,https://build.tarsier-infra.com/package/show/openEuler:Mainline/plexus-archiver
openEuler:Mainline,plexus-bsh-factory,https://build.tarsier-infra.com/package/show/openEuler:Mainline/plexus-bsh-factory
openEuler:Mainline,plexus-build-api,https://build.tarsier-infra.com/package/show/openEuler:Mainline/plexus-build-api
openEuler:Mainline,plexus-cipher,https://build.tarsier-infra.com/package/show/openEuler:Mainline/plexus-cipher
openEuler:Mainline,plexus-classworlds,https://build.tarsier-infra.com/package/show/openEuler:Mainline/plexus-classworlds
openEuler:Mainline,plexus-cli,https://build.tarsier-infra.com/package/show/openEuler:Mainline/plexus-cli
openEuler:Mainline,plexus-compiler,https://build.tarsier-infra.com/package/show/openEuler:Mainline/plexus-compiler
openEuler:Mainline,plexus-component-api,https://build.tarsier-infra.com/package/show/openEuler:Mainline/plexus-component-api
openEuler:Mainline,plexus-components-pom,https://build.tarsier-infra.com/package/show/openEuler:Mainline/plexus-components-pom
openEuler:Mainline,plexus-containers,https://build.tarsier-infra.com/package/show/openEuler:Mainline/plexus-containers
openEuler:Mainline,plexus-i18n,https://build.tarsier-infra.com/package/show/openEuler:Mainline/plexus-i18n
openEuler:Mainline,plexus-interactivity,https://build.tarsier-infra.com/package/show/openEuler:Mainline/plexus-interactivity
openEuler:Mainline,plexus-interpolation,https://build.tarsier-infra.com/package/show/openEuler:Mainline/plexus-interpolation
openEuler:Mainline,plexus-io,https://build.tarsier-infra.com/package/show/openEuler:Mainline/plexus-io
openEuler:Mainline,plexus-languages,https://build.tarsier-infra.com/package/show/openEuler:Mainline/plexus-languages
openEuler:Mainline,plexus-pom,https://build.tarsier-infra.com/package/show/openEuler:Mainline/plexus-pom
openEuler:Mainline,plexus-resources,https://build.tarsier-infra.com/package/show/openEuler:Mainline/plexus-resources
openEuler:Mainline,plexus-sec-dispatcher,https://build.tarsier-infra.com/package/show/openEuler:Mainline/plexus-sec-dispatcher
openEuler:Mainline,plexus-utils,https://build.tarsier-infra.com/package/show/openEuler:Mainline/plexus-utils
openEuler:Mainline,plexus-velocity,https://build.tarsier-infra.com/package/show/openEuler:Mainline/plexus-velocity
openEuler:Mainline,plotutils,https://build.tarsier-infra.com/package/show/openEuler:Mainline/plotutils
openEuler:Mainline,poco,https://build.tarsier-infra.com/package/show/openEuler:Mainline/poco
openEuler:Mainline,polkit-gnome,https://build.tarsier-infra.com/package/show/openEuler:Mainline/polkit-gnome
openEuler:Mainline,polyglot,https://build.tarsier-infra.com/package/show/openEuler:Mainline/polyglot
openEuler:Mainline,portaudio,https://build.tarsier-infra.com/package/show/openEuler:Mainline/portaudio
openEuler:Mainline,postgresql-jdbc,https://build.tarsier-infra.com/package/show/openEuler:Mainline/postgresql-jdbc
openEuler:Mainline,potrace,https://build.tarsier-infra.com/package/show/openEuler:Mainline/potrace
openEuler:Mainline,proguard,https://build.tarsier-infra.com/package/show/openEuler:Mainline/proguard
openEuler:Mainline,properties-maven-plugin,https://build.tarsier-infra.com/package/show/openEuler:Mainline/properties-maven-plugin
openEuler:Mainline,protoparser,https://build.tarsier-infra.com/package/show/openEuler:Mainline/protoparser
openEuler:Mainline,protostream,https://build.tarsier-infra.com/package/show/openEuler:Mainline/protostream
openEuler:Mainline,proxool,https://build.tarsier-infra.com/package/show/openEuler:Mainline/proxool
openEuler:Mainline,pstoedit,https://build.tarsier-infra.com/package/show/openEuler:Mainline/pstoedit
openEuler:Mainline,pylint,https://build.tarsier-infra.com/package/show/openEuler:Mainline/pylint
openEuler:Mainline,python-APScheduler,https://build.tarsier-infra.com/package/show/openEuler:Mainline/python-APScheduler
openEuler:Mainline,python-Flask-APScheduler,https://build.tarsier-infra.com/package/show/openEuler:Mainline/python-Flask-APScheduler
openEuler:Mainline,python-Flask-Limiter,https://build.tarsier-infra.com/package/show/openEuler:Mainline/python-Flask-Limiter
openEuler:Mainline,python-Flask-SQLAlchemy,https://build.tarsier-infra.com/package/show/openEuler:Mainline/python-Flask-SQLAlchemy
openEuler:Mainline,python-Keras_Preprocessing,https://build.tarsier-infra.com/package/show/openEuler:Mainline/python-Keras_Preprocessing
openEuler:Mainline,python-PyLaTeX,https://build.tarsier-infra.com/package/show/openEuler:Mainline/python-PyLaTeX
openEuler:Mainline,python-PyNLPl,https://build.tarsier-infra.com/package/show/openEuler:Mainline/python-PyNLPl
openEuler:Mainline,python-SQLAlchemy-Utils,https://build.tarsier-infra.com/package/show/openEuler:Mainline/python-SQLAlchemy-Utils
openEuler:Mainline,python-XlsxWriter,https://build.tarsier-infra.com/package/show/openEuler:Mainline/python-XlsxWriter
openEuler:Mainline,python-aiohttp,https://build.tarsier-infra.com/package/show/openEuler:Mainline/python-aiohttp
openEuler:Mainline,python-aiomysql,https://build.tarsier-infra.com/package/show/openEuler:Mainline/python-aiomysql
openEuler:Mainline,python-aiozeroconf,https://build.tarsier-infra.com/package/show/openEuler:Mainline/python-aiozeroconf
openEuler:Mainline,python-alembic,https://build.tarsier-infra.com/package/show/openEuler:Mainline/python-alembic
openEuler:Mainline,python-altgraph,https://build.tarsier-infra.com/package/show/openEuler:Mainline/python-altgraph
openEuler:Mainline,python-ansicolors,https://build.tarsier-infra.com/package/show/openEuler:Mainline/python-ansicolors
openEuler:Mainline,python-anyjson,https://build.tarsier-infra.com/package/show/openEuler:Mainline/python-anyjson
openEuler:Mainline,python-anytree,https://build.tarsier-infra.com/package/show/openEuler:Mainline/python-anytree
openEuler:Mainline,python-appdirs,https://build.tarsier-infra.com/package/show/openEuler:Mainline/python-appdirs
openEuler:Mainline,python-argh,https://build.tarsier-infra.com/package/show/openEuler:Mainline/python-argh
openEuler:Mainline,python-argparse-manpage,https://build.tarsier-infra.com/package/show/openEuler:Mainline/python-argparse-manpage
openEuler:Mainline,python-args,https://build.tarsier-infra.com/package/show/openEuler:Mainline/python-args
openEuler:Mainline,python-asciitree,https://build.tarsier-infra.com/package/show/openEuler:Mainline/python-asciitree
openEuler:Mainline,python-asteval,https://build.tarsier-infra.com/package/show/openEuler:Mainline/python-asteval
openEuler:Mainline,python-astral,https://build.tarsier-infra.com/package/show/openEuler:Mainline/python-astral
openEuler:Mainline,python-astroid,https://build.tarsier-infra.com/package/show/openEuler:Mainline/python-astroid
openEuler:Mainline,python-astunparse,https://build.tarsier-infra.com/package/show/openEuler:Mainline/python-astunparse
openEuler:Mainline,python-async-timeout,https://build.tarsier-infra.com/package/show/openEuler:Mainline/python-async-timeout
openEuler:Mainline,python-atpublic,https://build.tarsier-infra.com/package/show/openEuler:Mainline/python-atpublic
openEuler:Mainline,python-behave,https://build.tarsier-infra.com/package/show/openEuler:Mainline/python-behave
openEuler:Mainline,python-cchardet,https://build.tarsier-infra.com/package/show/openEuler:Mainline/python-cchardet
openEuler:Mainline,python-cloudpickle,https://build.tarsier-infra.com/package/show/openEuler:Mainline/python-cloudpickle
openEuler:Mainline,python-commonmark,https://build.tarsier-infra.com/package/show/openEuler:Mainline/python-commonmark
openEuler:Mainline,python-concurrent-log-handler,https://build.tarsier-infra.com/package/show/openEuler:Mainline/python-concurrent-log-handler
openEuler:Mainline,python-cov-core,https://build.tarsier-infra.com/package/show/openEuler:Mainline/python-cov-core
openEuler:Mainline,python-cryptography-vectors,https://build.tarsier-infra.com/package/show/openEuler:Mainline/python-cryptography-vectors
openEuler:Mainline,python-ddt,https://build.tarsier-infra.com/package/show/openEuler:Mainline/python-ddt
openEuler:Mainline,python-defusedxml,https://build.tarsier-infra.com/package/show/openEuler:Mainline/python-defusedxml
openEuler:Mainline,python-django-cache-url,https://build.tarsier-infra.com/package/show/openEuler:Mainline/python-django-cache-url
openEuler:Mainline,python-django-pipeline,https://build.tarsier-infra.com/package/show/openEuler:Mainline/python-django-pipeline
openEuler:Mainline,python-dominate,https://build.tarsier-infra.com/package/show/openEuler:Mainline/python-dominate
openEuler:Mainline,python-elasticsearch7,https://build.tarsier-infra.com/package/show/openEuler:Mainline/python-elasticsearch7
openEuler:Mainline,python-elementpath,https://build.tarsier-infra.com/package/show/openEuler:Mainline/python-elementpath
openEuler:Mainline,python-estimator,https://build.tarsier-infra.com/package/show/openEuler:Mainline/python-estimator
openEuler:Mainline,python-ez_setup,https://build.tarsier-infra.com/package/show/openEuler:Mainline/python-ez_setup
openEuler:Mainline,python-flask-restx,https://build.tarsier-infra.com/package/show/openEuler:Mainline/python-flask-restx
openEuler:Mainline,python-fonttools,https://build.tarsier-infra.com/package/show/openEuler:Mainline/python-fonttools
openEuler:Mainline,python-gitlab,https://build.tarsier-infra.com/package/show/openEuler:Mainline/python-gitlab
openEuler:Mainline,python-h5py,https://build.tarsier-infra.com/package/show/openEuler:Mainline/python-h5py
openEuler:Mainline,python-hpack,https://build.tarsier-infra.com/package/show/openEuler:Mainline/python-hpack
openEuler:Mainline,python-httmock,https://build.tarsier-infra.com/package/show/openEuler:Mainline/python-httmock
openEuler:Mainline,python-hyperframe,https://build.tarsier-infra.com/package/show/openEuler:Mainline/python-hyperframe
openEuler:Mainline,python-ifcfg,https://build.tarsier-infra.com/package/show/openEuler:Mainline/python-ifcfg
openEuler:Mainline,python-iniconfig,https://build.tarsier-infra.com/package/show/openEuler:Mainline/python-iniconfig
openEuler:Mainline,python-ipython_genutils,https://build.tarsier-infra.com/package/show/openEuler:Mainline/python-ipython_genutils
openEuler:Mainline,python-isodate,https://build.tarsier-infra.com/package/show/openEuler:Mainline/python-isodate
openEuler:Mainline,python-isort,https://build.tarsier-infra.com/package/show/openEuler:Mainline/python-isort
openEuler:Mainline,python-jmespath,https://build.tarsier-infra.com/package/show/openEuler:Mainline/python-jmespath
openEuler:Mainline,python-kubernetes,https://build.tarsier-infra.com/package/show/openEuler:Mainline/python-kubernetes
openEuler:Mainline,python-lazy-object-proxy,https://build.tarsier-infra.com/package/show/openEuler:Mainline/python-lazy-object-proxy
openEuler:Mainline,python-limits,https://build.tarsier-infra.com/package/show/openEuler:Mainline/python-limits
openEuler:Mainline,python-mccabe,https://build.tarsier-infra.com/package/show/openEuler:Mainline/python-mccabe
openEuler:Mainline,python-memory-profiler,https://build.tarsier-infra.com/package/show/openEuler:Mainline/python-memory-profiler
openEuler:Mainline,python-minidb,https://build.tarsier-infra.com/package/show/openEuler:Mainline/python-minidb
openEuler:Mainline,python-mistune,https://build.tarsier-infra.com/package/show/openEuler:Mainline/python-mistune
openEuler:Mainline,python-multidict,https://build.tarsier-infra.com/package/show/openEuler:Mainline/python-multidict
openEuler:Mainline,python-mypy-extensions,https://build.tarsier-infra.com/package/show/openEuler:Mainline/python-mypy-extensions
openEuler:Mainline,python-nbxmpp,https://build.tarsier-infra.com/package/show/openEuler:Mainline/python-nbxmpp
openEuler:Mainline,python-nocasedict,https://build.tarsier-infra.com/package/show/openEuler:Mainline/python-nocasedict
openEuler:Mainline,python-nocaselist,https://build.tarsier-infra.com/package/show/openEuler:Mainline/python-nocaselist
openEuler:Mainline,python-nose2,https://build.tarsier-infra.com/package/show/openEuler:Mainline/python-nose2
openEuler:Mainline,python-ntlm-auth,https://build.tarsier-infra.com/package/show/openEuler:Mainline/python-ntlm-auth
openEuler:Mainline,python-pallets-sphinx-themes,https://build.tarsier-infra.com/package/show/openEuler:Mainline/python-pallets-sphinx-themes
openEuler:Mainline,python-parameterized,https://build.tarsier-infra.com/package/show/openEuler:Mainline/python-parameterized
openEuler:Mainline,python-parse_type,https://build.tarsier-infra.com/package/show/openEuler:Mainline/python-parse_type
openEuler:Mainline,python-pathlib2,https://build.tarsier-infra.com/package/show/openEuler:Mainline/python-pathlib2
openEuler:Mainline,python-pathspec,https://build.tarsier-infra.com/package/show/openEuler:Mainline/python-pathspec
openEuler:Mainline,python-pbkdf2,https://build.tarsier-infra.com/package/show/openEuler:Mainline/python-pbkdf2
openEuler:Mainline,python-pkgconfig,https://build.tarsier-infra.com/package/show/openEuler:Mainline/python-pkgconfig
openEuler:Mainline,python-platformdirs,https://build.tarsier-infra.com/package/show/openEuler:Mainline/python-platformdirs
openEuler:Mainline,python-portalocker,https://build.tarsier-infra.com/package/show/openEuler:Mainline/python-portalocker
openEuler:Mainline,python-ptyprocess,https://build.tarsier-infra.com/package/show/openEuler:Mainline/python-ptyprocess
openEuler:Mainline,python-pyaml,https://build.tarsier-infra.com/package/show/openEuler:Mainline/python-pyaml
openEuler:Mainline,python-pycodestyle,https://build.tarsier-infra.com/package/show/openEuler:Mainline/python-pycodestyle
openEuler:Mainline,python-pycryptodomex,https://build.tarsier-infra.com/package/show/openEuler:Mainline/python-pycryptodomex
openEuler:Mainline,python-pydocstyle,https://build.tarsier-infra.com/package/show/openEuler:Mainline/python-pydocstyle
openEuler:Mainline,python-pylama,https://build.tarsier-infra.com/package/show/openEuler:Mainline/python-pylama
openEuler:Mainline,python-pylons-sphinx-themes,https://build.tarsier-infra.com/package/show/openEuler:Mainline/python-pylons-sphinx-themes
openEuler:Mainline,python-pyrsistent,https://build.tarsier-infra.com/package/show/openEuler:Mainline/python-pyrsistent
openEuler:Mainline,python-pysaml2,https://build.tarsier-infra.com/package/show/openEuler:Mainline/python-pysaml2
openEuler:Mainline,python-pytest-forked,https://build.tarsier-infra.com/package/show/openEuler:Mainline/python-pytest-forked
openEuler:Mainline,python-pytest-runner,https://build.tarsier-infra.com/package/show/openEuler:Mainline/python-pytest-runner
openEuler:Mainline,python-pytest-timeout,https://build.tarsier-infra.com/package/show/openEuler:Mainline/python-pytest-timeout
openEuler:Mainline,python-pytest-xdist,https://build.tarsier-infra.com/package/show/openEuler:Mainline/python-pytest-xdist
openEuler:Mainline,python-pytest-xprocess,https://build.tarsier-infra.com/package/show/openEuler:Mainline/python-pytest-xprocess
openEuler:Mainline,python-pyvmomi,https://build.tarsier-infra.com/package/show/openEuler:Mainline/python-pyvmomi
openEuler:Mainline,python-rdflib,https://build.tarsier-infra.com/package/show/openEuler:Mainline/python-rdflib
openEuler:Mainline,python-recommonmark,https://build.tarsier-infra.com/package/show/openEuler:Mainline/python-recommonmark
openEuler:Mainline,python-remoto,https://build.tarsier-infra.com/package/show/openEuler:Mainline/python-remoto
openEuler:Mainline,python-requests-gssapi,https://build.tarsier-infra.com/package/show/openEuler:Mainline/python-requests-gssapi
openEuler:Mainline,python-requests-ntlm,https://build.tarsier-infra.com/package/show/openEuler:Mainline/python-requests-ntlm
openEuler:Mainline,python-retrying,https://build.tarsier-infra.com/package/show/openEuler:Mainline/python-retrying
openEuler:Mainline,python-routes,https://build.tarsier-infra.com/package/show/openEuler:Mainline/python-routes
openEuler:Mainline,python-s3transfer,https://build.tarsier-infra.com/package/show/openEuler:Mainline/python-s3transfer
openEuler:Mainline,python-scp,https://build.tarsier-infra.com/package/show/openEuler:Mainline/python-scp
openEuler:Mainline,python-setuptools-rust,https://build.tarsier-infra.com/package/show/openEuler:Mainline/python-setuptools-rust
openEuler:Mainline,python-sortedcontainers,https://build.tarsier-infra.com/package/show/openEuler:Mainline/python-sortedcontainers
openEuler:Mainline,python-soupsieve,https://build.tarsier-infra.com/package/show/openEuler:Mainline/python-soupsieve
openEuler:Mainline,python-sphinx-bootstrap-theme,https://build.tarsier-infra.com/package/show/openEuler:Mainline/python-sphinx-bootstrap-theme
openEuler:Mainline,python-sphinx-issues,https://build.tarsier-infra.com/package/show/openEuler:Mainline/python-sphinx-issues
openEuler:Mainline,python-sphinx-notfound-page,https://build.tarsier-infra.com/package/show/openEuler:Mainline/python-sphinx-notfound-page
openEuler:Mainline,python-sphinxcontrib-applehelp,https://build.tarsier-infra.com/package/show/openEuler:Mainline/python-sphinxcontrib-applehelp
openEuler:Mainline,python-sphinxcontrib-devhelp,https://build.tarsier-infra.com/package/show/openEuler:Mainline/python-sphinxcontrib-devhelp
openEuler:Mainline,python-sphinxcontrib-htmlhelp,https://build.tarsier-infra.com/package/show/openEuler:Mainline/python-sphinxcontrib-htmlhelp
openEuler:Mainline,python-sphinxcontrib-jsmath,https://build.tarsier-infra.com/package/show/openEuler:Mainline/python-sphinxcontrib-jsmath
openEuler:Mainline,python-sphinxcontrib-qthelp,https://build.tarsier-infra.com/package/show/openEuler:Mainline/python-sphinxcontrib-qthelp
openEuler:Mainline,python-sphinxcontrib-serializinghtml,https://build.tarsier-infra.com/package/show/openEuler:Mainline/python-sphinxcontrib-serializinghtml
openEuler:Mainline,python-straight-plugin,https://build.tarsier-infra.com/package/show/openEuler:Mainline/python-straight-plugin
openEuler:Mainline,python-tensorboard,https://build.tarsier-infra.com/package/show/openEuler:Mainline/python-tensorboard
openEuler:Mainline,python-tensorboard-plugin-wit,https://build.tarsier-infra.com/package/show/openEuler:Mainline/python-tensorboard-plugin-wit
openEuler:Mainline,python-tornado,https://build.tarsier-infra.com/package/show/openEuler:Mainline/python-tornado
openEuler:Mainline,python-tox,https://build.tarsier-infra.com/package/show/openEuler:Mainline/python-tox
openEuler:Mainline,python-traitlets,https://build.tarsier-infra.com/package/show/openEuler:Mainline/python-traitlets
openEuler:Mainline,python-trustme,https://build.tarsier-infra.com/package/show/openEuler:Mainline/python-trustme
openEuler:Mainline,python-typed-ast,https://build.tarsier-infra.com/package/show/openEuler:Mainline/python-typed-ast
openEuler:Mainline,python-typogrify,https://build.tarsier-infra.com/package/show/openEuler:Mainline/python-typogrify
openEuler:Mainline,python-tzlocal,https://build.tarsier-infra.com/package/show/openEuler:Mainline/python-tzlocal
openEuler:Mainline,python-wcwidth,https://build.tarsier-infra.com/package/show/openEuler:Mainline/python-wcwidth
openEuler:Mainline,python-winrm,https://build.tarsier-infra.com/package/show/openEuler:Mainline/python-winrm
openEuler:Mainline,python-wrapt,https://build.tarsier-infra.com/package/show/openEuler:Mainline/python-wrapt
openEuler:Mainline,python-wrapt-1.10,https://build.tarsier-infra.com/package/show/openEuler:Mainline/python-wrapt-1.10
openEuler:Mainline,python-xlrd,https://build.tarsier-infra.com/package/show/openEuler:Mainline/python-xlrd
openEuler:Mainline,python-xmltodict,https://build.tarsier-infra.com/package/show/openEuler:Mainline/python-xmltodict
openEuler:Mainline,python-yarl,https://build.tarsier-infra.com/package/show/openEuler:Mainline/python-yarl
openEuler:Mainline,python-zmq,https://build.tarsier-infra.com/package/show/openEuler:Mainline/python-zmq
openEuler:Mainline,python-zope.testing,https://build.tarsier-infra.com/package/show/openEuler:Mainline/python-zope.testing
openEuler:Mainline,qdox,https://build.tarsier-infra.com/package/show/openEuler:Mainline/qdox
openEuler:Mainline,qemu,https://build.tarsier-infra.com/package/show/openEuler:Mainline/qemu
openEuler:Mainline,ragel,https://build.tarsier-infra.com/package/show/openEuler:Mainline/ragel
openEuler:Mainline,redis5,https://build.tarsier-infra.com/package/show/openEuler:Mainline/redis5
openEuler:Mainline,redis6,https://build.tarsier-infra.com/package/show/openEuler:Mainline/redis6
openEuler:Mainline,reflectasm,https://build.tarsier-infra.com/package/show/openEuler:Mainline/reflectasm
openEuler:Mainline,regexp,https://build.tarsier-infra.com/package/show/openEuler:Mainline/regexp
openEuler:Mainline,rhino,https://build.tarsier-infra.com/package/show/openEuler:Mainline/rhino
openEuler:Mainline,rocksdb,https://build.tarsier-infra.com/package/show/openEuler:Mainline/rocksdb
openEuler:Mainline,rubygem-kramdown,https://build.tarsier-infra.com/package/show/openEuler:Mainline/rubygem-kramdown
openEuler:Mainline,saab-fonts,https://build.tarsier-infra.com/package/show/openEuler:Mainline/saab-fonts
openEuler:Mainline,samyak-fonts,https://build.tarsier-infra.com/package/show/openEuler:Mainline/samyak-fonts
openEuler:Mainline,sbinary,https://build.tarsier-infra.com/package/show/openEuler:Mainline/sbinary
openEuler:Mainline,sblim-cmpi-devel,https://build.tarsier-infra.com/package/show/openEuler:Mainline/sblim-cmpi-devel
openEuler:Mainline,sbt,https://build.tarsier-infra.com/package/show/openEuler:Mainline/sbt
openEuler:Mainline,scala,https://build.tarsier-infra.com/package/show/openEuler:Mainline/scala
openEuler:Mainline,sentencepiece,https://build.tarsier-infra.com/package/show/openEuler:Mainline/sentencepiece
openEuler:Mainline,sequence-library,https://build.tarsier-infra.com/package/show/openEuler:Mainline/sequence-library
openEuler:Mainline,shapelib,https://build.tarsier-infra.com/package/show/openEuler:Mainline/shapelib
openEuler:Mainline,sil-abyssinica-fonts,https://build.tarsier-infra.com/package/show/openEuler:Mainline/sil-abyssinica-fonts
openEuler:Mainline,simde,https://build.tarsier-infra.com/package/show/openEuler:Mainline/simde
openEuler:Mainline,sisu,https://build.tarsier-infra.com/package/show/openEuler:Mainline/sisu
openEuler:Mainline,skkdic,https://build.tarsier-infra.com/package/show/openEuler:Mainline/skkdic
openEuler:Mainline,slf4j,https://build.tarsier-infra.com/package/show/openEuler:Mainline/slf4j
openEuler:Mainline,snakeyaml,https://build.tarsier-infra.com/package/show/openEuler:Mainline/snakeyaml
openEuler:Mainline,soxr,https://build.tarsier-infra.com/package/show/openEuler:Mainline/soxr
openEuler:Mainline,spamassassin,https://build.tarsier-infra.com/package/show/openEuler:Mainline/spamassassin
openEuler:Mainline,spice-parent,https://build.tarsier-infra.com/package/show/openEuler:Mainline/spice-parent
openEuler:Mainline,spirv-headers,https://build.tarsier-infra.com/package/show/openEuler:Mainline/spirv-headers
openEuler:Mainline,sqljet,https://build.tarsier-infra.com/package/show/openEuler:Mainline/sqljet
openEuler:Mainline,srt,https://build.tarsier-infra.com/package/show/openEuler:Mainline/srt
openEuler:Mainline,sshj,https://build.tarsier-infra.com/package/show/openEuler:Mainline/sshj
openEuler:Mainline,stax2-api,https://build.tarsier-infra.com/package/show/openEuler:Mainline/stax2-api
openEuler:Mainline,stream-lib,https://build.tarsier-infra.com/package/show/openEuler:Mainline/stream-lib
openEuler:Mainline,sysbench,https://build.tarsier-infra.com/package/show/openEuler:Mainline/sysbench
openEuler:Mainline,t1utils,https://build.tarsier-infra.com/package/show/openEuler:Mainline/t1utils
openEuler:Mainline,tagsoup,https://build.tarsier-infra.com/package/show/openEuler:Mainline/tagsoup
openEuler:Mainline,tclx,https://build.tarsier-infra.com/package/show/openEuler:Mainline/tclx
openEuler:Mainline,tensorflow,https://build.tarsier-infra.com/package/show/openEuler:Mainline/tensorflow
openEuler:Mainline,test-interface,https://build.tarsier-infra.com/package/show/openEuler:Mainline/test-interface
openEuler:Mainline,testng,https://build.tarsier-infra.com/package/show/openEuler:Mainline/testng
openEuler:Mainline,the_silver_searcher,https://build.tarsier-infra.com/package/show/openEuler:Mainline/the_silver_searcher
openEuler:Mainline,three-eight-nine-ds-base,https://build.tarsier-infra.com/package/show/openEuler:Mainline/three-eight-nine-ds-base
openEuler:Mainline,tinycdb,https://build.tarsier-infra.com/package/show/openEuler:Mainline/tinycdb
openEuler:Mainline,tinyxml,https://build.tarsier-infra.com/package/show/openEuler:Mainline/tinyxml
openEuler:Mainline,tomcat,https://build.tarsier-infra.com/package/show/openEuler:Mainline/tomcat
openEuler:Mainline,tomcat-taglibs-parent,https://build.tarsier-infra.com/package/show/openEuler:Mainline/tomcat-taglibs-parent
openEuler:Mainline,tomcat-taglibs-standard,https://build.tarsier-infra.com/package/show/openEuler:Mainline/tomcat-taglibs-standard
openEuler:Mainline,tre,https://build.tarsier-infra.com/package/show/openEuler:Mainline/tre
openEuler:Mainline,trilead-ssh2,https://build.tarsier-infra.com/package/show/openEuler:Mainline/trilead-ssh2
openEuler:Mainline,tslib,https://build.tarsier-infra.com/package/show/openEuler:Mainline/tslib
openEuler:Mainline,tss2,https://build.tarsier-infra.com/package/show/openEuler:Mainline/tss2
openEuler:Mainline,ttembed,https://build.tarsier-infra.com/package/show/openEuler:Mainline/ttembed
openEuler:Mainline,uname-build-checks,https://build.tarsier-infra.com/package/show/openEuler:Mainline/uname-build-checks
openEuler:Mainline,unicode-emoji,https://build.tarsier-infra.com/package/show/openEuler:Mainline/unicode-emoji
openEuler:Mainline,unicode-ucd,https://build.tarsier-infra.com/package/show/openEuler:Mainline/unicode-ucd
openEuler:Mainline,univocity-parsers,https://build.tarsier-infra.com/package/show/openEuler:Mainline/univocity-parsers
openEuler:Mainline,uperf,https://build.tarsier-infra.com/package/show/openEuler:Mainline/uperf
openEuler:Mainline,usb_modeswitch,https://build.tarsier-infra.com/package/show/openEuler:Mainline/usb_modeswitch
openEuler:Mainline,ustr,https://build.tarsier-infra.com/package/show/openEuler:Mainline/ustr
openEuler:Mainline,velocity,https://build.tarsier-infra.com/package/show/openEuler:Mainline/velocity
openEuler:Mainline,vid.stab,https://build.tarsier-infra.com/package/show/openEuler:Mainline/vid.stab
openEuler:Mainline,virt-manager,https://build.tarsier-infra.com/package/show/openEuler:Mainline/virt-manager
openEuler:Mainline,virt-viewer,https://build.tarsier-infra.com/package/show/openEuler:Mainline/virt-viewer
openEuler:Mainline,vo-amrwbenc,https://build.tarsier-infra.com/package/show/openEuler:Mainline/vo-amrwbenc
openEuler:Mainline,web-assets,https://build.tarsier-infra.com/package/show/openEuler:Mainline/web-assets
openEuler:Mainline,webbench,https://build.tarsier-infra.com/package/show/openEuler:Mainline/webbench
openEuler:Mainline,wildfly-common,https://build.tarsier-infra.com/package/show/openEuler:Mainline/wildfly-common
openEuler:Mainline,wireless-regdb,https://build.tarsier-infra.com/package/show/openEuler:Mainline/wireless-regdb
openEuler:Mainline,wireless-tools,https://build.tarsier-infra.com/package/show/openEuler:Mainline/wireless-tools
openEuler:Mainline,wsdl4j,https://build.tarsier-infra.com/package/show/openEuler:Mainline/wsdl4j
openEuler:Mainline,wxGTK3,https://build.tarsier-infra.com/package/show/openEuler:Mainline/wxGTK3
openEuler:Mainline,x264,https://build.tarsier-infra.com/package/show/openEuler:Mainline/x264
openEuler:Mainline,x265,https://build.tarsier-infra.com/package/show/openEuler:Mainline/x265
openEuler:Mainline,xalan-j2,https://build.tarsier-infra.com/package/show/openEuler:Mainline/xalan-j2
openEuler:Mainline,xapian-core,https://build.tarsier-infra.com/package/show/openEuler:Mainline/xapian-core
openEuler:Mainline,xapool,https://build.tarsier-infra.com/package/show/openEuler:Mainline/xapool
openEuler:Mainline,xbean,https://build.tarsier-infra.com/package/show/openEuler:Mainline/xbean
openEuler:Mainline,xcb-proto,https://build.tarsier-infra.com/package/show/openEuler:Mainline/xcb-proto
openEuler:Mainline,xcb-util-keysyms,https://build.tarsier-infra.com/package/show/openEuler:Mainline/xcb-util-keysyms
openEuler:Mainline,xcb-util-renderutil,https://build.tarsier-infra.com/package/show/openEuler:Mainline/xcb-util-renderutil
openEuler:Mainline,xdg-desktop-portal,https://build.tarsier-infra.com/package/show/openEuler:Mainline/xdg-desktop-portal
openEuler:Mainline,xdg-desktop-portal-gtk,https://build.tarsier-infra.com/package/show/openEuler:Mainline/xdg-desktop-portal-gtk
openEuler:Mainline,xerces-c,https://build.tarsier-infra.com/package/show/openEuler:Mainline/xerces-c
openEuler:Mainline,xerces-j2,https://build.tarsier-infra.com/package/show/openEuler:Mainline/xerces-j2
openEuler:Mainline,xml-commons-apis,https://build.tarsier-infra.com/package/show/openEuler:Mainline/xml-commons-apis
openEuler:Mainline,xml-commons-resolver,https://build.tarsier-infra.com/package/show/openEuler:Mainline/xml-commons-resolver
openEuler:Mainline,xmlpull,https://build.tarsier-infra.com/package/show/openEuler:Mainline/xmlpull
openEuler:Mainline,xmlunit,https://build.tarsier-infra.com/package/show/openEuler:Mainline/xmlunit
openEuler:Mainline,xmvn,https://build.tarsier-infra.com/package/show/openEuler:Mainline/xmvn
openEuler:Mainline,xnio,https://build.tarsier-infra.com/package/show/openEuler:Mainline/xnio
openEuler:Mainline,xorg-x11-font-utils,https://build.tarsier-infra.com/package/show/openEuler:Mainline/xorg-x11-font-utils
openEuler:Mainline,xorg-x11-server-xwayland,https://build.tarsier-infra.com/package/show/openEuler:Mainline/xorg-x11-server-xwayland
openEuler:Mainline,xorg-x11-xbitmaps,https://build.tarsier-infra.com/package/show/openEuler:Mainline/xorg-x11-xbitmaps
openEuler:Mainline,xpp3,https://build.tarsier-infra.com/package/show/openEuler:Mainline/xpp3
openEuler:Mainline,xstream,https://build.tarsier-infra.com/package/show/openEuler:Mainline/xstream
openEuler:Mainline,xvidcore,https://build.tarsier-infra.com/package/show/openEuler:Mainline/xvidcore
openEuler:Mainline,xxhash,https://build.tarsier-infra.com/package/show/openEuler:Mainline/xxhash
openEuler:Mainline,xz-java,https://build.tarsier-infra.com/package/show/openEuler:Mainline/xz-java
openEuler:Mainline,ykpers,https://build.tarsier-infra.com/package/show/openEuler:Mainline/ykpers
openEuler:Mainline,zeromq,https://build.tarsier-infra.com/package/show/openEuler:Mainline/zeromq
openEuler:Mainline,zimg,https://build.tarsier-infra.com/package/show/openEuler:Mainline/zimg
openEuler:Mainline,zinc,https://build.tarsier-infra.com/package/show/openEuler:Mainline/zinc
openEuler:Mainline,zvbi,https://build.tarsier-infra.com/package/show/openEuler:Mainline/zvbi
Factory:RISC-V,openjdk-1.8.0,https://build.tarsier-infra.com/package/show/Factory:RISC-V/openjdk-1.8.0
